Topic_ID,Title,Count
0,maternidade | salário | auxílio | direito | inss,1267
1,anticoncepcional | pílula | seguinte | tomar | cartela,360
2,progesterona | via | oral | vaginal | uso,361
3,ela | grávida | está | pessoa | mencionada,308
4,nome | for | nomes | vocês | chamar,264
5,nascer | fevereiro | dia | vai | janeiro,195
6,dilatação | semanas | 38 | contrações | tampão,187
7,podem | cólicas | seios | sinais | dor,182
8,hcg | beta | mui | resultado | ml,160
9,menstruação | menstruar | menstrual | descer | desceu,151
10,mamadeira | seringa | alimentar | dar | sugar,186
11,isso | nesse | caso | luvas | você,147
12,ultrassom | natal | ultrassonografia | saco | pré,166
13,cesárea | cicatriz | seroma | após | líquido,155
14,nidação | sangramento | menstruação | esse | sido,149
15,gêmeos | trigêmeos | bebês | são | gemelar,150
16,vacina | bronquiolite | contra | abrysvo | beyfortus,135
17,amamentar | amamentação | peito | bico | seio,167
18,diu | mirena | colocação | implanon | colocar,134
19,cesárea | cesariana | indicações | parto | cesáreo,185
20,dentro | cordão | umbilical | útero | respira,160
21,doença | rosto | tem | bochechinha | quantos,148
22,grávida | você | está | verdade | estava,130
23,quantos | meses | semanas | idade | última,129
24,embrião | feto | vida | considerado | vivo,158
25,mei | auxílio | maternidade | direito | receber,122
26,anos | aos | engravidar | 35 | 44,136
27,parto | posição | durante | deitada | parir,148
28,olívia | nascer | vai | olivia | dia,130
29,dormir | mamar | noite | peito | sono,138
30,aborto | abortar | alguém | vida | pessoas,131
31,sexo | menino | saber | menina | descobrir,127
32,creche | criança | meses | palavras | ano,116
33,menina | menino | será | tabela | bebê,143
34,katlen | ketlin | kat | ket | grávida,110
35,estar | menstruação | menstruado | tendo | ausência,108
36,dor | analgesia | parto | mulheres | epidural,132
37,produção | materno | leite | aumentar | posso,107
38,alparone | giovanna | grávida | está | quem,89
39,bomba | tirar | leite | elétrica | bombinha,111
40,sentir | enjoos | enjoo | normal | início,103
41,chá | gestantes | tomar | consumir | café,98
42,tia | sara | mariana | grávida | bia,88
43,negativo | atraso | menstrual | teste | negativos,152
44,placenta | remoção | mão | remover | manual,102
45,sus | pelo | natal | pré | realizado,87
46,filho | outro | vocês | vão | ter,125
47,oxigênio | respirar | procedimento | luvas | rápido,96
48,falsa | barriga | mostrada | parece | mentira,89
49,vitamina | b12 | gotas | ui | d3,86
50,peso | kg | mensagem | pesar | levar,84
51,tudo | certo | parto | deu | bem,100
52,eclâmpsia | pressão | pré | arterial | alta,86
53,plano | saúde | carência | convênio | reembolso,87
54,família | bolsa | recebe | vacinar | benefício,100
55,pai | homem | quem | onde | filho,109
56,mala | levar | roupa | roupas | tamanho,83
57,emily | vick | emilly | grávida | está,69
58,cálcio | magnésio | suplementação | tomar | deve,73
59,teste | positivo | deu | resultado | falso,90
60,barriga | kg | dura | crescer | endurecer,65
61,laqueadura | tubária | feito | há | tendo,62
62,sangramento | marrom | borra | início | café,80
63,dilatação | cm | colo | trabalho | centímetros,91
64,filhos | condições | mundo | filho | criar,96
65,barriga | falsa | mostrada | mentira | tamanho,63
66,prematuro | nasceu | quantas | semanas | nasce,89
67,aborto | retido | espontâneo | curetagem | boldo,75
68,sentir | urinar | dor | muita | normal,79
69,davi | irmão | irmãozinho | davizinho | ganhar,74
70,suplemento | vitamina | suplementos | vitaminas | tomar,61
71,pós | após | hemorragia | parto | hemorroidas,71
72,cesárea | próxima | cesáreas | tentar | normal,84
73,histerectomia | retirada | cirurgia | útero | retirar,65
74,estrela | filhotes | dos | pai | ficou,76
75,nasceu | matar | bem | criança | aconteceu,99
76,fralda | trocar | xixi | fraldas | cocô,69
77,vídeo | mencionada | pessoa | mencionado | no,91
78,pós | taping | cinta | calcinha | usar,83
79,olívia | janeiro | fevereiro | nascer | dia,60
80,fórmula | leite | alergia | ml | nan,71
81,rosado | sangramento | marrom | pequeno | corrimento,72
82,giovana | giovanna | pai | grávida | namorado,51
83,cesárea | corte | camadas | realizar | mãos,65
84,menopausa | hormonal | anos | reposição | aos,58
85,seu | muda | luz | você | estão,68
86,mia | irmã | irmão | cuidar | reação,70
87,banho | recém | nascido | água | vernix,99
88,barriga | distensão | falar | grande | bebê,67
89,mioma | miomas | 42 | cirurgia | cm,57
90,pai | neto | leia | luccas | lucas,56
91,indução | shake | indutor | induzir | receita,76
92,hospital | médico | tomou | consulta | medicamento,76
93,fez | teste | confirmar | exame | você,79
94,mexer | sentir | movimentos | 17 | semanas,62
95,conjuntivite | usado | olhos | olho | tratar,78
96,estrias | óleo | melasma | cicatricure | prímula,66
97,exercícios | exercício | começar | fazer | correr,61
98,coração | ouvir | batimentos | doppler | fetal,47
99,descobrir | remédios | prejudicar | tomar | formação,71
100,sexuais | relações | sexual | relação | tiveram,71
101,data | prevista | nascimento | olívia | janeiro,70
102,clarinha | mãe | sabe | novo | esperando,61
103,ácido | fólico | metilfolato | ferroso | sulfato,52
104,bombinha | elétrica | bomba | carregada | sucção,63
105,remédio | engravidar | existe | impedir | tentando,65
106,comer | suco | comida | alimentar | introdução,64
107,engravidar | tentando | vocês | tentar | tentativas,73
108,fértil | relação | período | ovulação | engravidar,71
109,exercícios | preparar | preparação | feitos | esses,63
110,contexto | gestação | segunda | evoluiu | toda,53
111,diabetes | gestacional | glicemia | jejum | relacionado,55
112,pai | quem | estiver | mencionada | nessa,45
113,ejaculação | calcinha | penetração | sêmen | proteção,42
114,urinária | pélvica | fisioterapia | vagina | incontinência,58
115,experiência | natural | parto | você | pretende,84
116,sintomas | esses | indicar | podem | descritos,56
117,gi | grávida | mostrar | zoro | está,69
118,materno | leite | oferecer | paterno | geladeira,91
119,mounjaro | enquanto | amamentando | alguma | amamentava,57
120,linha | teste | fraca | farmácia | linhas,50
121,lado | dormir | esquerdo | cima | mal,69
122,revelação | chá | descobrir | vai | sexo,62
123,perdeu | kamylinha | engravidou | perder | camilinha,70
124,histerectomia | total | progesterona | fez | repor,42
125,urina | xixi | colocado | teste | caseiro,47
126,contrações | dilatação | doem | dor | parto,67
127,sonhar | significa | luz | dando | sonho,64
128,pós | inchada | diástase | barriga | desinchar,44
129,estupro | caso | estuprada | cuidar | permitido,54
130,útero | ovários | progesterona | usar | tem,60
131,homens | engravidar | faz | sabem | ovodoação,47
132,menino | menina | acha | certeza | será,86
133,baleia | filhote | amamentação | baleias | água,69
134,alimentação | fome | alimentos | durante | dieta,66
135,cocô | fezes | evacuar | verde | força,43
136,anos | 16 | adolescente | 15 | pessoa,46
137,farmácia | negativo | testes | teste | sangue,69
138,sangramento | vermelho | vivo | apareceu | relação,42
139,seios | nos | dor | sentiu | sentir,50
140,domperidona | produção | aumentar | materno | leite,52
141,outro | ela | vem | filhos | jovem,46
142,quantas | quantos | meses | você | gestação,54
143,bolsa | estourou | contrações | estourar | romper,59
144,placenta | descolamento | acontece | baixa | fica,71
145,dói | anestesia | cesariana | cesáreas | sente,69
146,episiotomia | laceração | evitar | humanizado | parto,48
147,aas | aspirina | eclâmpsia | pré | trimestre,32
148,percentil | semanas | 34 | gestação | kg,43
149,pós | disso | normais | partos | sentiu,57
150,sintomas | sintoma | sentiu | quais | mesmos,52
151,semanas | 39 | entrar | 40 | induzir,62
152,recuperação | cesariana | cesárea | após | pós,65
153,cabelo | crescer | materno | crescimento | queda,63
154,teste | devo | fazer | atrasar | repetir,61
155,reflexo | vermelho | olho | preto | aparecer,42
156,ferro | suplementação | ferritina | endovenoso | deficiência,40
157,trompas | ectópica | trompa | obstruídas | engravidar,39
