Topic,Count,Name,Representation,Representative_Docs
-1,428,-1_que_bebê_por_algo,"['que', 'bebê', 'por', 'algo', 'você', 'parto', 'caminho', 'crianças', 'não', 'um']","['O que pode significar um sangramento de um dia, seguido de corrimento marrom por alguns dias, após atraso menstrual, com teste positivo fraco e beta hCG negativo?', 'Com 7 dias de atraso menstrual e dois testes de gravidez negativos, é possível que eu tenha feito os testes cedo demais ou no momento errado?', 'É possível estar grávida após ter relação sexual sem proteção três dias antes da ovulação, com dois dias de atraso menstrual e cólicas leves?']"
0,1267,0_maternidade_salário_auxílio_direito,"['maternidade', 'salário', 'auxílio', 'direito', 'inss', 'contribuição', 'solicitar', 'receber', 'ao', 'pagar']","['Posso solicitar o auxílio-maternidade depois que meu bebê nascer, tendo trabalhado de carteira assinada de outubro de 2024 a fevereiro de 2025?', 'Quem saiu do último emprego em setembro de 2024 e está grávida de 8 meses precisa voltar a contribuir para dar entrada no auxílio-maternidade quando a bebê nascer?', 'É preciso pagar mais uma contribuição ao INSS em 2025 para receber o auxílio-maternidade, estando grávida de 5 meses, desempregada e com duas contribuições registradas em 2022 e 2024?']"
1,360,1_anticoncepcional_pílula_seguinte_tomar,"['anticoncepcional', 'pílula', 'seguinte', 'tomar', 'cartela', 'injeção', 'esquecer', 'relação', 'dia', 'risco']","['Há risco de gravidez após esquecer dois comprimidos do anticoncepcional, ter relação com preservativo furado e tomar a pílula do dia seguinte cerca de 9 horas depois?', 'Há risco de gravidez após esquecer um comprimido do Tâmisa 30, ter relação desprotegida no dia seguinte e tomar a pílula do dia seguinte 14 horas depois?', 'Existe risco de gravidez depois de esquecer de tomar a pílula anticoncepcional, tomar duas no dia seguinte, fazer a pausa e ter relação desprotegida seis dias depois?']"
2,361,2_progesterona_via_oral_vaginal,"['progesterona', 'via', 'oral', 'vaginal', 'uso', 'utrogestan', 'estradiol', 'mg', 'reposição', 'usar']","['O uso diário de Utrogestan 100 mg pode causar inchaço?', 'É normal sentir-se dopada ao tomar progesterona via oral de 100 mg?', 'Na reposição de progesterona, é melhor usar a via oral ou vaginal?']"
3,308,3_ela_grávida_está_pessoa,"['ela', 'grávida', 'está', 'pessoa', 'mencionada', 'engravidou', 'comentário', 'realmente', 'mamãe', 'verdade']","['A pessoa mencionada no comentário está grávida ou não?', 'A pessoa mencionada está realmente grávida ou isso é brincadeira?', 'A pessoa mencionada no comentário está grávida de verdade ou é só uma brincadeira?']"
4,264,4_nome_for_nomes_vocês,"['nome', 'for', 'nomes', 'vocês', 'chamar', 'qual', 'menina', 'escolher', 'menino', 'miguel']","['Qual seria o nome do bebê se fosse menino?', 'Qual será o nome do bebê se for menino?', 'O nome do bebê menino seria Isaque ou Joaquim?']"
5,195,5_nascer_fevereiro_dia_vai,"['nascer', 'fevereiro', 'dia', 'vai', 'janeiro', 'aniversário', 'nascimento', 'no', '28', 'bebê']","['A bebê vai nascer no dia 30 de janeiro, que é o meu aniversário?', 'O bebê vai nascer no dia 28, 29 ou 1º de fevereiro?', 'Será que a bebê vai nascer no dia 28 de janeiro, que é o dia do aniversário do comentarista?']"
6,187,6_dilatação_semanas_38_contrações,"['dilatação', 'semanas', '38', 'contrações', 'tampão', 'mucoso', 'sinais', 'trabalho', 'dores', '39']","['É normal sentir muitas contrações de treinamento e perder o tampão mucoso com 38 semanas e 4 dias de gestação?', 'Com 38 semanas e 3 dias de gravidez, sentir muitas contrações de treinamento e a barriga parecer que vai cair e apertar indica dilatação ou início do trabalho de parto?', 'Com 38 semanas e 2 dias de gravidez, sentir pressão na região íntima, contrações e saída de muita gosma transparente ou amarelada pode indicar dilatação ou início do trabalho de parto?']"
7,182,7_podem_cólicas_seios_sinais,"['podem', 'cólicas', 'seios', 'sinais', 'dor', 'indicar', 'enjoo', 'doloridos', 'sinal', 'atraso']","['Mesmo tendo menstruado neste mês, cólicas leves e seios doloridos podem ser sinais de gravidez?', 'Atraso menstrual de cinco dias, junto com enjoos leves, gases, cólicas, dor lombar, seios doloridos com saída de líquido, estômago cheio, mudança de humor e tontura podem indicar gravidez?', 'Cólicas do lado esquerdo, dor de cabeça, seios doloridos e inchados e dor nas costas podem ser sinais de gravidez antes do atraso menstrual?']"
8,160,8_hcg_beta_mui_resultado,"['hcg', 'beta', 'mui', 'resultado', 'ml', 'quantitativo', 'positivo', 'indica', 'exame', '25']","['Um resultado de beta-hCG de 25 mUI/mL indica gravidez?', 'Um resultado de beta-hCG de 8,78 mUI/mL é positivo?', 'Um resultado de beta-hCG de 2.792 mUI/mL é positivo ou negativo?']"
9,151,9_menstruação_menstruar_menstrual_descer,"['menstruação', 'menstruar', 'menstrual', 'descer', 'desceu', 'dias', 'ficar', 'normal', 'atraso', 'mês']","['O que significa a menstruação vir duas vezes quase no mesmo mês, com um sangramento curto, irregular e escuro amarronzado?', 'É normal continuar com dor no bico dos seios, dor de cabeça e cólicas depois de ficar um mês sem menstruar e a menstruação ter descido normalmente?', 'O que pode significar ficar um mês sem menstruar e depois a menstruação descer bastante, com dor nos mamilos, muita cólica e dor de cabeça?']"
10,186,10_mamadeira_seringa_alimentar_dar,"['mamadeira', 'seringa', 'alimentar', 'dar', 'sugar', 'bico', 'chupeta', 'ponta', 'leite', 'recém']","['Por que usar seringa para alimentar o bebê em vez de mamadeira?', 'Não seria melhor usar mamadeira em vez de seringa para alimentar o bebê?', 'Por que não usar um bico de mamadeira na seringa para alimentar o bebê?']"
11,147,11_isso_nesse_caso_luvas,"['isso', 'nesse', 'caso', 'luvas', 'você', 'procedimento', 'essa', 'foi', 'feito', 'certo']","['O que devo fazer nessa situação?', 'Vocês vão passar por tudo de novo?', 'Você vai passar por tudo isso de novo?']"
12,166,12_ultrassom_natal_ultrassonografia_saco,"['ultrassom', 'natal', 'ultrassonografia', 'saco', 'pré', 'transvaginal', 'gestacional', 'exame', 'semanas', 'mostrou']","['Por que o ultrassom feito em 17/03 não mostrou nem o saco gestacional, mas o exame feito no final do mês já mostrou?', 'É normal que, com 5 semanas e 5 dias de gestação, o ultrassom mostre apenas o saco gestacional?', 'É normal o saco gestacional não aparecer no ultrassom da maternidade mesmo com três exames beta-hCG positivos e estimativa de 5 semanas e 9 dias de gravidez?']"
13,155,13_cesárea_cicatriz_seroma_após,"['cesárea', 'cicatriz', 'seroma', 'após', 'líquido', 'pontos', 'normal', 'saindo', 'cirurgia', 'cesariana']","['É normal ficar com os pés inchados por três dias após a cesárea e a laqueadura, seis dias depois do parto?', 'É normal sair um líquido amarelo-claro, sem dor e sem cheiro, 15 dias após uma cesariana?', 'É normal sair um líquido rosado cinco dias após a cesárea e a laqueadura, e o que devo fazer?']"
14,149,14_nidação_sangramento_menstruação_esse,"['nidação', 'sangramento', 'menstruação', 'esse', 'sido', 'pode', 'dias', 'ser', 'leve', 'rosado']","['O sangramento pequeno que tive antes da menstruação pode ter sido nidação?', 'O sangramento vermelho claro e rosado com cólicas leves que ocorreu nos dias 6 e 7/4 pode ter sido nidação em vez de menstruação?', 'Um sangramento marrom, em pequena quantidade, ocorrido uma semana após a relação e 10 dias antes da menstruação pode ser sangramento de nidação?']"
15,150,15_gêmeos_trigêmeos_bebês_são,"['gêmeos', 'trigêmeos', 'bebês', 'são', 'gemelar', 'gêmeas', 'gestação', 'idênticos', 'arthur', 'sofia']","['A gestação é de gêmeos?', 'Como é uma gestação de gêmeos que não são vitelinos?', 'Será que a gestação é de gêmeos?']"
16,135,16_vacina_bronquiolite_contra_abrysvo,"['vacina', 'bronquiolite', 'contra', 'abrysvo', 'beyfortus', 'tomar', 'aplicada', 'vacinas', 'reação', 'covid']","['A vacina contra bronquiolite ainda é indicada para uma criança de 1 ano e 7 meses?', 'Se a vacina Abrysvo foi tomada na gestação, ainda é recomendável aplicar a vacina contra bronquiolite no bebê após os 6 meses de idade?', 'Se a mãe tomar a vacina durante a gestação, o bebê também deve tomar a vacina contra bronquiolite quando nascer?']"
17,167,17_amamentar_amamentação_peito_bico,"['amamentar', 'amamentação', 'peito', 'bico', 'seio', 'pega', 'silicone', 'correta', 'almofada', 'posição']","['Como posso conseguir amamentar meu filho se ele está tomando fórmula e não consegue fazer a sucção na minha mama por eu não ter o bico do peito?', 'O laser no bico do seio pode ajudar na cicatrização durante a amamentação?', 'Como fazer a pega correta para amamentar quando a mãe não tem bico do seio?']"
18,134,18_diu_mirena_colocação_implanon,"['diu', 'mirena', 'colocação', 'implanon', 'colocar', 'fio', 'machucar', 'pênis', 'lugar', 'inserção']","['O pênis encosta no DIU durante a relação sexual?', 'O DIU pode machucar o homem durante a relação íntima?', 'Há risco de engravidar se o DIU sair do lugar durante uma relação sexual?']"
19,185,19_cesárea_cesariana_indicações_parto,"['cesárea', 'cesariana', 'indicações', 'parto', 'cesáreo', 'normal', 'quais', 'são', 'optar', 'as']","['O parto normal ou a cesárea doem?', 'O que é melhor: parto normal ou cesárea?', 'É melhor o parto normal do que a cesárea?']"
20,160,20_dentro_cordão_umbilical_útero,"['dentro', 'cordão', 'umbilical', 'útero', 'respira', 'barriga', 'amniótico', 'fica', 'bebê', 'líquido']","['Como fica o bebê dentro do útero quando está de cabeça para baixo?', 'O bebê se enrola no cordão umbilical dentro do útero?', 'Os bebês brincam com o cordão umbilical dentro do útero?']"
21,148,21_doença_rosto_tem_bochechinha,"['doença', 'rosto', 'tem', 'bochechinha', 'quantos', 'bebê', 'pezinho', 'aparência', 'verde', 'essa']","['É normal que a recém-nascida esteja com o rosto meio branco?', 'É necessário fazer mais exames se o teste do meu filho deu alterado para essa doença de cadeia longa e o segundo teste deu normal, considerando que ele tem 30 dias?', 'Você já ouviu falar de bebês que nascem com o corpo comum, o rosto bem branco como uma máscara e olhos pretos grandes em formato de amêndoas?']"
22,130,22_grávida_você_está_verdade,"['grávida', 'você', 'está', 'verdade', 'estava', 'vindo', 'esta', 'engravidou', 'grávidos', 'contou']","['Você está grávida e vai passar por tudo isso de novo?', 'Você está grávida de verdade e há alguma prova disso?', 'Você está grávida ou é ela que está grávida?']"
23,129,23_quantos_meses_semanas_idade,"['quantos', 'meses', 'semanas', 'idade', 'última', 'gestacional', 'gestação', 'correspondem', 'contagem', 'data']","['Como devo contar a idade gestacional se meu ciclo é irregular e o médico informou que estou com 4 a 5 semanas de gravidez, devo considerar 4 ou 5 semanas?', 'Como fazer a contagem da idade gestacional quando não se sabe a data da última menstruação e o ciclo é irregular?', 'Como devo fazer a contagem da idade gestacional se não sei a data da minha última menstruação e tenho ciclo irregular?']"
24,158,24_embrião_feto_vida_considerado,"['embrião', 'feto', 'vida', 'considerado', 'vivo', 'humano', 'um', 'cauda', 'espermatozoide', 'humana']","['Se o embrião está vivo, ele tem vida?', 'Na medicina, qual é a diferença entre um feto ser considerado apenas um ser vivo e ser considerado vida humana?', 'Qual é a diferença entre um feto ser considerado apenas um ser vivo e ser considerado vida humana pela medicina?']"
25,122,25_mei_auxílio_maternidade_direito,"['mei', 'auxílio', 'maternidade', 'direito', 'receber', 'pagar', 'salário', 'parcelas', 'quem', 'atrasadas']","['Quem está com o MEI desativado, mas contribuiu neste ano, ainda consegue receber o auxílio-maternidade?', 'Uma MEI que contribuiu apenas uma vez em julho deste ano e tem parto previsto para o fim de janeiro de 2026 tem direito ao salário-maternidade?', 'Se eu abrir um MEI agora e pagar a primeira contribuição, ainda consigo receber o auxílio-maternidade, mesmo com minha filha já tendo 4 meses?']"
26,136,26_anos_aos_engravidar_35,"['anos', 'aos', 'engravidar', '35', '44', 'mulher', '40', 'ainda', 'possível', 'endometriose']","['É possível engravidar aos 35 anos?', 'Quem teve eclâmpsia pós-parto há 22 anos pode engravidar novamente aos 40 anos?', 'A idade ou a saúde do esposo de 42 anos pode trazer algum problema para uma gravidez planejada após os 35 anos, ou isso é apenas um mito?']"
27,148,27_parto_posição_durante_deitada,"['parto', 'posição', 'durante', 'deitada', 'parir', 'médicos', 'trabalho', 'acontece', 'cabeça', 'mulheres']","['É sério que parir deitada de costas é realmente a pior posição para o parto?', 'A posição deitada durante o parto pode fazer o bebê demorar mais para sair ou aumentar a dor da mulher?', 'Se parir deitada de costas realmente é pior, por que a medicina continua fazendo o parto dessa forma mesmo com toda a tecnologia e novos conhecimentos?']"
28,130,28_olívia_nascer_vai_olivia,"['olívia', 'nascer', 'vai', 'olivia', 'dia', 'fevereiro', 'janeiro', 'no', '29', '30']","['Olívia vai nascer no dia 28, 29 ou 1º de fevereiro?', 'A Olivia vai nascer no dia 28 de janeiro ou entre 6 e 9 de fevereiro?', 'A bebê Olívia vai nascer no dia 28, 29 ou 30 de janeiro?']"
29,138,29_dormir_mamar_noite_peito,"['dormir', 'mamar', 'noite', 'peito', 'sono', 'acordar', 'rotina', 'bruços', 'pegar', 'dorme']","['O que posso fazer quando meu bebê, no período de exterogestação, sente sono, mas chora quando tento fazê-lo dormir e só consegue dormir no colo?', 'É normal uma bebê de 4 meses querer mamar o tempo todo, dormir e acordar chorando procurando o peito por mais de 12 horas?', 'O que posso fazer para meu bebê dormir a noite toda sem acordar na madrugada para mamar?']"
30,131,30_aborto_abortar_alguém_vida,"['aborto', 'abortar', 'alguém', 'vida', 'pessoas', 'favor', 'coragem', 'matar', 'sobre', 'como']","['Como alguém pode defender o aborto diante do milagre da vida?', 'Como alguém pode achar que o aborto é um direito?', 'Como alguém pode ser a favor do aborto?']"
31,127,31_sexo_menino_saber_menina,"['sexo', 'menino', 'saber', 'menina', 'descobrir', 'sexagem', 'identificar', 'ultrassom', 'indica', 'do']","['Já foi possível saber o sexo do bebê?', 'É possível saber o sexo do bebê com 13 semanas de gestação?', 'É possível saber o sexo do bebê com 9 semanas de gestação por meio do exame de sexagem fetal?']"
32,116,32_creche_criança_meses_palavras,"['creche', 'criança', 'meses', 'palavras', 'ano', 'colocar', 'fala', 'frases', 'falar', 'desenvolvimento']","['É normal que uma criança de 1 ano e 6 meses ainda não forme frases de duas palavras e fale pouco espontaneamente, apenas repetindo palavras?', 'É normal uma criança de 1 ano e 5 meses ainda não falar e só dizer palavras ou sons enrolados?', 'É normal uma criança de 1 ano e 4 meses ainda não estar andando, mesmo já tendo alcançado outros marcos do desenvolvimento?']"
33,143,33_menina_menino_será_tabela,"['menina', 'menino', 'será', 'tabela', 'bebê', 'ou', 'saber', 'chinesa', 'sexo', 'se']","['Qual é o sexo do bebê, menino ou menina?', 'Qual será o sexo do bebê, menino ou menina?', 'Qual é o sexo do bebê, menina ou menino?']"
34,110,34_katlen_ketlin_kat_ket,"['katlen', 'ketlin', 'kat', 'ket', 'grávida', 'ketlen', 'novo', 'está', 'novamente', 'passar']","['A Ketlen vai ter outro filho?', 'Ketlin vai ter outro filho?', 'Kat vai passar por tudo isso de novo, novamente em um parto?']"
35,108,35_estar_menstruação_menstruado_tendo,"['estar', 'menstruação', 'menstruado', 'tendo', 'ausência', 'grávida', 'veio', 'indicar', 'mesmo', 'menstruar']","['É possível estar grávida, tendo menstruado em 21/07, tido relação em 08/08 e 10/08, e a menstruação ainda não ter vindo até hoje?', 'Minha última menstruação veio em 10 de janeiro e não desceu em fevereiro nem em março; isso pode indicar gravidez?', 'É possível estar grávida mesmo tendo ficado sem menstruar no mês passado e tendo menstruado neste mês, com sono e barriga inchada?']"
36,132,36_dor_analgesia_parto_mulheres,"['dor', 'analgesia', 'parto', 'mulheres', 'epidural', 'dói', 'comparar', 'algumas', 'durante', 'normal']","['A analgesia no parto reduz apenas a dor das contrações na barriga ou também a dor na vagina na hora em que o bebê sai?', 'Por que algumas mulheres que fizeram parto normal são contra tomar remédio para reduzir a dor do parto?', 'Por que não há analgesia para aliviar a dor durante o parto normal?']"
37,107,37_produção_materno_leite_aumentar,"['produção', 'materno', 'leite', 'aumentar', 'posso', 'minha', 'fórmula', 'suficiente', 'voltar', 'colostro']","['Como fazer para aumentar a produção de leite materno?', 'Como posso aumentar minha produção de leite materno?', 'Como posso aumentar a produção de leite materno?']"
38,89,38_alparone_giovanna_grávida_está,"['alparone', 'giovanna', 'grávida', 'está', 'quem', 'pai', 'real', 'verdade', 'informação', 'falsa']","['A Giovanna Alparone está grávida de verdade ou é barriga falsa?', 'Se Giovanna Alparone estiver grávida, quem é o pai do bebê?', 'Se for verdade que Giovanna Alparone está grávida, quem é o pai do bebê?']"
39,111,39_bomba_tirar_leite_elétrica,"['bomba', 'tirar', 'leite', 'elétrica', 'bombinha', 'minutos', 'sucção', 'resolver', 'extrair', 'extratora']","['Como consertar a sucção da bombinha de tirar leite?', 'Como resolver uma bombinha de tirar leite que faz sucção, mas depois o motor escapa da parte de plástico e não cria vácuo suficiente para grudar?', 'Há algum problema de encaixe na válvula de silicone da sucção da bomba elétrica de tirar leite, já que ela não fica subindo e descendo e a bombinha só puxa e fica parada?']"
40,103,40_sentir_enjoos_enjoo_normal,"['sentir', 'enjoos', 'enjoo', 'normal', 'início', 'gravidez', 'dor', 'ventre', 'azia', 'cólicas']","['É normal sentir dores leves no baixo ventre e na lombar no início da gravidez, por volta de 4 semanas?', 'É normal, no primeiro trimestre da gravidez, não sentir pressão baixa, mal-estar, enjoos e fraqueza, mesmo sem conseguir comer nada?', 'É normal sentir dor no estômago, enjoo, cólica e dor no pé da barriga com 3 semanas de gravidez?']"
41,98,41_chá_gestantes_tomar_consumir,"['chá', 'gestantes', 'tomar', 'consumir', 'café', 'podem', 'consumo', 'orégano', 'canela', 'limão']","['Gestantes podem tomar chá de hortelã?', 'Gestantes podem tomar chá da casca do abacaxi?', 'Gestantes podem tomar chá de erva-doce?']"
42,88,42_tia_sara_mariana_grávida,"['tia', 'sara', 'mariana', 'grávida', 'bia', 'está', 'verdade', 'sarah', 'thally', 'sofia']","['É verdade mesmo que a tia Sara está grávida?', 'A Tia Sara está grávida de verdade?', 'Tia Sara está grávida de verdade?']"
43,152,43_negativo_atraso_menstrual_teste,"['negativo', 'atraso', 'menstrual', 'teste', 'negativos', 'testes', 'estar', 'atrasada', 'farmácia', 'mesmo']","['Com 5 dias de atraso menstrual e teste de farmácia negativo, ainda é possível estar grávida?', 'Tive nidação sete dias após a relação, mas com dois dias de atraso menstrual o teste de farmácia deu negativo; ainda posso estar grávida?', 'É possível estar grávida mesmo com teste de farmácia negativo, sentindo sintomas de gravidez e com sete dias de atraso menstrual?']"
44,102,44_placenta_remoção_mão_remover,"['placenta', 'remoção', 'mão', 'remover', 'manual', 'retirada', 'braço', 'anestesia', 'poderia', 'vagina']","['A remoção da placenta precisa ser feita manualmente, com a mão?', 'Como a mão e parte do braço entram para realizar a remoção da placenta?', 'Na remoção manual da placenta, entra apenas a mão ou também o braço?']"
45,87,45_sus_pelo_natal_pré,"['sus', 'pelo', 'natal', 'pré', 'realizado', 'analgesia', 'escolha', 'lei', 'gestante', 'escolher']","['Essa mulher tem direito ao SUS para fazer o pré-natal?', 'O acompanhamento pré-natal foi feito pelo SUS?', 'O SUS oferece acompanhamento pré-natal para a mulher grávida?']"
46,125,46_filho_outro_vocês_vão,"['filho', 'outro', 'vocês', 'vão', 'ter', 'quer', 'filhos', 'você', 'segundo', 'vai']","['Isso quer dizer que vocês vão ter relações sexuais para tentar ter outro bebê?', 'Quando vocês vão ter outro filho?', 'Vocês vão ter outro filho?']"
47,96,47_oxigênio_respirar_procedimento_luvas,"['oxigênio', 'respirar', 'procedimento', 'luvas', 'rápido', 'sonda', 'precisar', 'esse', 'uti', 'tão']","['A equipe de uma UTI neonatal sabe o que está fazendo ao cuidar do bebê?', 'Esse bebê vai precisar ficar sempre com oxigênio ou está usando sonda?', 'Ao cuidar de um bebê na UTI, é melhor lavar sempre as mãos em vez de usar luvas?']"
48,89,48_falsa_barriga_mostrada_parece,"['falsa', 'barriga', 'mostrada', 'parece', 'mentira', 'vídeo', 'dela', 'verdade', 'verdadeira', 'essa']","['Isso é verdade ou é barriga falsa?', 'A barriga mostrada no vídeo é falsa ou verdadeira?', 'A barriga mostrada no vídeo é de verdade ou parece ser falsa?']"
49,86,49_vitamina_b12_gotas_ui,"['vitamina', 'b12', 'gotas', 'ui', 'd3', 'k2', 'crianças', 'dar', 'vitaminas', 'dose']","['Qual é a dose ideal de vitamina B12 para crianças autistas?', 'Para uma criança de 3 anos e 15 kg, a dose de vitamina D de 200 UI é de 3 gotas?', 'Qual dose de vitamina D posso dar ao meu filho de 3 anos, que pesa 18 kg?']"
50,84,50_peso_kg_mensagem_pesar,"['peso', 'kg', 'mensagem', 'pesar', 'levar', 'quilos', 'nasceu', 'pesagem', 'medir', 'vacinar']","['Devo me preocupar se não recebi a mensagem para levar as crianças para vacinar, pesar e medir?', 'Como o livro de marcação pode já ter acabado se a mensagem para levar as crianças para vacinar, pesar e medir chegou este mês?', 'Por que a mensagem para levar as crianças para vacinar, pesar e medir apareceu novamente se eu já fiz a pesagem no posto e meu benefício está liberado?']"
51,100,51_tudo_certo_parto_deu,"['tudo', 'certo', 'parto', 'deu', 'bem', 'ocorreu', 'acompanhante', 'foi', 'ela', 'conseguiu']","['O parto deu tudo certo?', 'Deu tudo certo com a evolução do trabalho de parto?', 'O parto da gestante deu tudo certo?']"
52,86,52_eclâmpsia_pressão_pré_arterial,"['eclâmpsia', 'pressão', 'pré', 'arterial', 'alta', 'risco', 'parceiro', 'afetar', 'baixa', 'hellp']","['Se a pressão arterial fica em torno de 10 ou 11 e não aumentou até agora, isso caracteriza pré-eclâmpsia?', 'É possível haver risco de pré-eclâmpsia com 33 semanas de gravidez, pressão arterial normal e exame de urina de 24 horas com 348 mg/h?', 'Faz sentido induzir o parto por pressão alta e alteração nos exames de pré-eclâmpsia se os comprimidos alteram a pressão arterial?']"
53,87,53_plano_saúde_carência_convênio,"['plano', 'saúde', 'carência', 'convênio', 'reembolso', 'cobre', 'cobertura', 'parto', 'contratar', 'custos']","['Qual é o plano de saúde que cobriu o parto na maternidade São Luiz Star?', 'Por que uma empresa que visa lucro venderia um plano de saúde sem carência para parto?', 'Ao contratar um plano de saúde que cobre apenas pronto-socorro, há desconto no valor do parto particular?']"
54,100,54_família_bolsa_recebe_vacinar,"['família', 'bolsa', 'recebe', 'vacinar', 'benefício', 'pesar', 'posto', 'medir', 'perde', 'quem']","['Se uma mulher grávida que recebe Bolsa Família contribuir para o INSS, isso pode prejudicar o benefício do Bolsa Família?', 'Quem recebe Bolsa Família tem direito ao auxílio-maternidade?', 'Se uma mulher que recebe Bolsa Família contribuir para o INSS, isso pode prejudicar o benefício do Bolsa Família?']"
55,109,55_pai_homem_quem_onde,"['pai', 'homem', 'quem', 'onde', 'filho', 'criança', 'dos', 'será', 'bebês', 'do']","['O pai do bebê é o ex?', 'Quem será o pai do bebê?', 'Quem vai ser o pai do bebê?']"
56,83,56_mala_levar_roupa_roupas,"['mala', 'levar', 'roupa', 'roupas', 'tamanho', 'maternidade', 'hospital', 'rn', 'itens', 'coisas']","['Por que levar tanta roupa para o hospital na hora do parto?', 'A roupa e os itens da mala maternidade são todos tamanho RN?', 'Em uma segunda gestação, devo levar mais itens na mala maternidade por precaução, mesmo que o hospital tenha pedido apenas poucas coisas para o bebê e para a mãe?']"
57,69,57_emily_vick_emilly_grávida,"['emily', 'vick', 'emilly', 'grávida', 'está', 'verdade', 'sarah', 'realmente', 'brincadeira', 'verdadeira']","['Sara está realmente grávida?', 'Como a Emily vai ficar grávida depois de ter feito cirurgia para ficar magra?', 'Tia Sarah está realmente grávida?']"
58,73,58_cálcio_magnésio_suplementação_tomar,"['cálcio', 'magnésio', 'suplementação', 'tomar', 'deve', 'tomado', 'tipo', 'eclâmpsia', 'gestação', 'pré']","['Existe diferença entre cálcio e carbonato de cálcio na suplementação durante a gestação?', 'O cálcio para a prevenção da pré-eclâmpsia deve ser tomado puro ou com vitamina D?', 'Uma gestante com 36 semanas, sem sinais de pré-eclâmpsia, deve parar de tomar a suplementação de cálcio prescrita em duas cápsulas de 500 mg por dia?']"
59,90,59_teste_positivo_deu_resultado,"['teste', 'positivo', 'deu', 'resultado', 'falso', 'negativo', 'testes', 'digital', 'gravidez', 'exame']","['Será que o teste de gravidez deu positivo?', 'O teste de gravidez deu positivo ou negativo?', 'O resultado do teste de gravidez deu positivo?']"
60,65,60_barriga_kg_dura_crescer,"['barriga', 'kg', 'dura', 'crescer', 'endurecer', 'normal', 'gestante', 'cresceu', 'engordar', 'mole']","['É normal a barriga de uma gestante parecer menor em um vídeo do que em outro?', 'É normal a barriga de uma gestante não crescer?', 'É normal que a barriga de uma gestante com 13 semanas de gravidez permaneça mole e sem endurecer?']"
61,62,61_laqueadura_tubária_feito_há,"['laqueadura', 'tubária', 'feito', 'há', 'tendo', 'fazer', 'mesmo', 'anos', 'feita', 'fez']","['É possível engravidar por fertilização in vitro mesmo tendo feito laqueadura há 15 anos?', 'É possível estar grávida mesmo tendo feito laqueadura?', 'É possível estar grávida mesmo tendo feito laqueadura há 4 anos?']"
62,80,62_sangramento_marrom_borra_início,"['sangramento', 'marrom', 'borra', 'início', 'café', 'semanas', 'coágulos', 'gravidez', 'cólicas', 'coágulo']","['É normal ter borra de café, leve sangramento, cólicas e pequenos coágulos no início da gestação?', 'Uma mulher com 4 semanas de gravidez e sangramento parecido com borra de café corre risco de perder o bebê?', 'Na gravidez de 6 semanas, é normal ter sangramento marrom com coágulo e estar tudo bem?']"
63,91,63_dilatação_cm_colo_trabalho,"['dilatação', 'cm', 'colo', 'trabalho', 'centímetros', 'útero', 'parto', '10', 'dilatar', 'chega']","['Com 10 cm de dilatação, como o corpo do bebê passa no parto depois da cabeça?', 'Por que o bebê não desceu mesmo com 10 cm de dilatação, contrações ritmadas e bolsa rompida?', 'Por que, ao chegar à maternidade com 10 cm de dilatação, o parto não foi normal?']"
64,96,64_filhos_condições_mundo_filho,"['filhos', 'condições', 'mundo', 'filho', 'criar', 'ter', 'têm', 'cuidar', 'mulheres', 'sofrer']","['Por que ter filhos?', 'O que aconteceria se uma mãe não quisesse ter filhos?', 'Por que alguém que não tem condições de ter filhos os coloca no mundo?']"
65,63,65_barriga_falsa_mostrada_mentira,"['barriga', 'falsa', 'mostrada', 'mentira', 'tamanho', 'grande', 'real', 'essa', 'verdadeira', 'desse']","['Essa barriga de grávida é falsa ou verdadeira?', 'A moça está grávida ou a barriga é falsa?', 'A gravidez mostrada é mentira e a barriga é falsa?']"
66,89,66_prematuro_nasceu_quantas_semanas,"['prematuro', 'nasceu', 'quantas', 'semanas', 'nasce', 'ocorreu', 'complicações', 'gestação', 'sete', 'meses']","['Com quantas semanas de gestação o bebê nasceu?', 'Com quantas semanas de gestação ela estava quando ocorreu o parto prematuro?', 'Com quantas semanas de gestação ocorreu o parto prematuro?']"
67,75,67_aborto_retido_espontâneo_curetagem,"['aborto', 'retido', 'espontâneo', 'curetagem', 'boldo', 'expelir', 'perda', 'abortamento', 'tomou', 'abortar']","['O que aconteceu para eu ter sofrido um aborto espontâneo com oito semanas e três dias de gestação?', 'Depois de um aborto espontâneo com curetagem, posso engravidar novamente daqui a 3 meses?', 'É possível engravidar novamente um ciclo após um aborto espontâneo?']"
68,79,68_sentir_urinar_dor_muita,"['sentir', 'urinar', 'dor', 'muita', 'normal', 'costas', 'andar', 'pé', 'vontade', 'semanas']","['É normal, com 31 semanas de gravidez, sentir muita dor nas costas, dor na virilha, contrações todos os dias e urinar muitas vezes?', 'É normal, com 37 semanas de gravidez, sentir muitas dores na coluna, no pé da barriga e pressão, a ponto de travar e dificultar andar, virar na cama, deitar ou se levantar?', 'É normal sentir muita dor no pé da barriga, peso nos quadris, cólicas e vontade de urinar toda hora com 28 semanas e 3 dias de gravidez?']"
69,74,69_davi_irmão_irmãozinho_davizinho,"['davi', 'irmão', 'irmãozinho', 'davizinho', 'ganhar', 'irmãzinha', 'irmã', 'vai', 'clarinha', 'vir']","['Clarinha vai ter mais um irmão ou irmã?', 'A Clarinha vai ganhar uma irmãzinha ou um irmãozinho?', 'A Clarinha vai ganhar outro irmão ou irmã?']"
70,61,70_suplemento_vitamina_suplementos_vitaminas,"['suplemento', 'vitamina', 'suplementos', 'vitaminas', 'tomar', 'ômega', 'suplementação', 'diminuir', '000', 'pré']","['Posso tomar vitamina D durante a gravidez, mesmo usando suplementação de cálcio 500 mg, AAS 150 mg e ômega 3?', 'Qual suplemento ou polivitamínico é indicado para uma gestante de 37 anos que acabou de descobrir a gravidez, está tomando apenas ácido fólico do SUS e ainda vai iniciar o pré-natal?', 'Gestantes com alto risco de pré-eclâmpsia podem usar suplemento de L-arginina para diminuir o risco?']"
71,71,71_pós_após_hemorragia_parto,"['pós', 'após', 'hemorragia', 'parto', 'hemorroidas', 'pontos', 'sexual', 'sangramento', 'parou', 'normal']","['A hemorragia logo após o parto pode ter sido causada pela anemia ou há outra explicação para isso?', 'É normal que o sangramento no puerpério continue após um mês, ainda esteja vermelho vivo, diminua, pare por dois dias e depois volte, especialmente após uma hemorragia pós-parto?', 'É normal sentir muita dor no pé da barriga dois meses após o parto, antes de voltar a ter relação sexual depois do resguardo?']"
72,84,72_cesárea_próxima_cesáreas_tentar,"['cesárea', 'próxima', 'cesáreas', 'tentar', 'normal', 'parto', 'cesariana', 'terceira', 'ter', 'uma']","['Após uma cesárea de corte corporal por parto prematuro, posso tentar parto normal em uma próxima gravidez?', 'Na terceira gravidez é possível ter parto normal mesmo após duas cesáreas?', 'Em uma próxima gestação, após uma cesárea com corte corporal por prematuridade, é possível tentar um parto normal?']"
73,65,73_histerectomia_retirada_cirurgia_útero,"['histerectomia', 'retirada', 'cirurgia', 'útero', 'retirar', 'total', 'aberta', 'parcial', 'abdominal', 'geral']","['É possível resolver, sem cirurgia, os sintomas e a possível aderência após cesárea, retirada de trompa e histerectomia total?', 'É normal ainda sentir dor ao se levantar, 13 dias após uma histerectomia total abdominal?', 'A cirurgia de retirada do útero é feita com anestesia geral?']"
74,76,74_estrela_filhotes_dos_pai,"['estrela', 'filhotes', 'dos', 'pai', 'ficou', 'cinco', 'meninas', 'cachorro', 'meninos', 'grávida']","['A Estrela está grávida de cinco filhotes?', 'Por que a Estrela está grávida de cinco filhotes?', 'Quem é o pai dos cinco filhotes da Estrela?']"
75,99,75_nasceu_matar_bem_criança,"['nasceu', 'matar', 'bem', 'criança', 'aconteceu', 'queria', 'situação', 'nessa', 'bebê', 'ver']","['A bebê está bem?', 'O bebê está bem?', 'O bebê está bem de saúde?']"
76,69,76_fralda_trocar_xixi_fraldas,"['fralda', 'trocar', 'xixi', 'fraldas', 'cocô', 'descartável', 'usa', 'pacote', 'algodão', 'roupinhas']","['Não é preciso trocar a fralda ou colocar roupa na filha?', 'É realmente necessário deixar de trocar a fralda do bebê por 12 horas?', 'É correto não deixar a bebê mais de 3 horas com a mesma fralda de xixi e trocar imediatamente quando ela faz cocô?']"
77,91,77_vídeo_mencionada_pessoa_mencionado,"['vídeo', 'mencionada', 'pessoa', 'mencionado', 'no', 'grávida', 'mentira', 'sobre', 'mostrada', 'mostrado']","['A pessoa mencionada no vídeo está grávida mesmo?', 'A pessoa mencionada no vídeo está realmente grávida?', 'É mentira que a pessoa mencionada no vídeo está grávida?']"
78,83,78_pós_taping_cinta_calcinha,"['pós', 'taping', 'cinta', 'calcinha', 'usar', 'parto', 'compressão', 'cesárea', 'no', 'aplicação']","['Depois de um parto normal, é possível usar cinta no pós-parto ou apenas calcinha cintura alta?', 'Dá para usar absorvente em uma calcinha de renda no pós-parto?', 'Qual é o melhor tipo de calcinha para usar no pós-parto?']"
79,60,79_olívia_janeiro_fevereiro_nascer,"['olívia', 'janeiro', 'fevereiro', 'nascer', 'dia', 'vai', 'ou', '29', '30', 'no']","['A Olívia vai nascer em 28 de janeiro ou em 4 de fevereiro?', 'A Olívia vai nascer em 30 de janeiro ou em 3 de fevereiro?', 'A Olívia vai nascer em 30 de janeiro ou em 2 de fevereiro?']"
80,71,80_fórmula_leite_alergia_ml,"['fórmula', 'leite', 'alergia', 'ml', 'nan', 'infantil', 'integral', 'vaca', 'quantidade', 'intestino']","['O leite em fórmula é o ideal para o bebê até 1 ano de idade?', 'Depois de 1 ano de idade, pode dar leite comum integral ao bebê?', 'Existe alguma fórmula que não prenda o intestino e tenha menor chance de causar alergia em um bebê de 12 dias?']"
81,72,81_rosado_sangramento_marrom_pequeno,"['rosado', 'sangramento', 'marrom', 'pequeno', 'corrimento', 'sinal', 'atraso', 'menstrual', 'dias', 'indicar']","['O sangramento marrom, rosado e vermelho escuro após o atraso menstrual pode ser sinal de gravidez?', 'Menstruação atrasada há 3 dias com saída de borra de café e pequeno sangramento que só suja o papel higiênico pode ser sinal de gravidez?', 'Um atraso menstrual de 9 dias, com corrimento marrom claro e pequeno sangramento, pode ser sinal de gravidez?']"
82,51,82_giovana_giovanna_pai_grávida,"['giovana', 'giovanna', 'pai', 'grávida', 'namorado', 'quem', 'verdade', 'está', 'podia', 'engravidou']","['Giovanna não podia ficar grávida e agora ficou grávida?', 'Se a Giovanna estivesse realmente grávida, ele estaria tirando satisfação com o pai do bebê?', 'Se Giovanna estiver grávida, quem seria o pai do bebê?']"
83,65,83_cesárea_corte_camadas_realizar,"['cesárea', 'corte', 'camadas', 'realizar', 'mãos', 'sai', 'cesariana', 'embaixo', 'jejum', 'corta']","['Por que as mulheres que conseguem ficar de pé e cuidar do filho oito horas após uma cesariana são consideradas abençoadas?', 'Por quantos minutos o bebê permanece com a mãe após o corte do cordão umbilical na cesariana?', 'É obrigatório ter três mãos para realizar uma cesárea ou, com muito estudo, seria possível fazer o procedimento tendo apenas duas mãos?']"
84,58,84_menopausa_hormonal_anos_reposição,"['menopausa', 'hormonal', 'anos', 'reposição', 'aos', 'menstruar', '41', 'precoce', 'entrando', 'climatério']","['Existe idade limite para fazer reposição hormonal após a menopausa?', 'Mulheres com mais de 60 anos, já na menopausa e sem sintomas, precisam fazer reposição hormonal?', 'Mulheres na menopausa com endometriose podem fazer reposição hormonal?']"
85,68,85_seu_muda_luz_você,"['seu', 'muda', 'luz', 'você', 'estão', 'bebê', 'deu', '2026', 'mamãe', 'já']","['Alguém aí já deu à luz?', 'Alguém já deu à luz rindo, e não apenas sorrindo?', 'A bebê vai ficar em casa sozinha e, se vocês não estiverem lá, ela vai chorar muito?']"
86,70,86_mia_irmã_irmão_cuidar,"['mia', 'irmã', 'irmão', 'cuidar', 'reação', 'vai', 'velha', 'presa', 'língua', 'ganhar']","['Qual é a reação da Mia à notícia de que vai ter um irmão ou uma irmã?', 'Qual foi a reação da Mia ao saber que vai ganhar um irmão ou uma irmã?', 'Já contaram para a Mia que ela vai ganhar um irmão ou uma irmã, e qual foi a reação dela?']"
87,99,87_banho_recém_nascido_água,"['banho', 'recém', 'nascido', 'água', 'vernix', 'fêmur', 'chuveiro', 'tanque', 'fria', 'produto']","['O vernix que cobre o recém-nascido tem mau cheiro?', 'O banho do recém-nascido é realmente necessário?', 'Ao dar banho no bebê, é preciso lavar a região que fica na barriga dele, como o umbigo?']"
88,67,88_barriga_distensão_falar_grande,"['barriga', 'distensão', 'falar', 'grande', 'bebê', 'sobre', 'nesses', 'encaixado', 'certo', 'assim']","['Por que a barriga do bebê está assim?', 'É normal que a barriga de um bebê nessa idade seja grande?', 'Por que a barriga do bebê é tão grande?']"
89,57,89_mioma_miomas_42_cirurgia,"['mioma', 'miomas', '42', 'cirurgia', 'cm', 'submucoso', 'intramural', 'retirar', 'figo', 'deformidade']","['Uma mulher com vários miomas pode precisar de cirurgia, e existe risco de o médico ter que retirar o útero?', 'Quem tem excesso de estrogênio por adenomiose profunda corre risco de câncer de colo do útero?', 'Quais são os perigos de uma gravidez de 6 semanas em uma mulher de 42 anos com miomas de 10 cm e 7 cm submucosos?']"
90,56,90_pai_neto_leia_luccas,"['pai', 'neto', 'leia', 'luccas', 'lucas', 'robson', 'felipe', 'furacão', 'vinícius', 'júnior']","['O pai do bebê é o Lucas Neto e ele não quer falar sobre isso?', 'O pai do bebê é o Lucas Neto?', 'Lucas Neto é o pai do bebê?']"
91,76,91_indução_shake_indutor_induzir,"['indução', 'shake', 'indutor', 'induzir', 'receita', 'parto', 'óleo', 'prímula', 'induzido', 'foi']","['Antes da indução do parto, você comeu tâmaras, tomou chá de canela ou usou óleo de prímula, ou foi direto para esse método?', 'Os comprimidos usados para induzir o parto alteram a pressão arterial?', 'Qual é a receita do shake comentado para ajudar na indução do parto?']"
92,76,92_hospital_médico_tomou_consulta,"['hospital', 'médico', 'tomou', 'consulta', 'medicamento', 'melhora', 'equipe', 'remédio', 'tratamento', 'conversou']","['Esse valor inclui apenas o hospital ou também a equipe médica?', 'Devo ir ao pronto-socorro antes da consulta de segunda-feira?', 'Ninguém tomou nenhuma atitude contra esse médico?']"
93,79,93_fez_teste_confirmar_exame,"['fez', 'teste', 'confirmar', 'exame', 'você', 'sangue', 'resultado', 'positivo', 'gravidez', 'passando']","['Você já fez um teste de gravidez e qual foi o resultado?', 'Você fez o teste de gravidez e o resultado foi positivo?', 'Você fez um teste de gravidez e o resultado foi positivo?']"
94,62,94_mexer_sentir_movimentos_17,"['mexer', 'sentir', 'movimentos', '17', 'semanas', 'normal', 'mexendo', 'bebê', 'gestação', 'barriga']","['É normal, com 16 semanas e 3 dias de segunda gestação, ainda não sentir o bebê mexer?', 'É normal estar com 16 semanas de gravidez e ainda não sentir o bebê mexer?', 'É normal estar com 17 semanas de gravidez e ainda não sentir o bebê mexer?']"
95,78,95_conjuntivite_usado_olhos_olho,"['conjuntivite', 'usado', 'olhos', 'olho', 'tratar', 'melhorar', 'verde', 'soro', 'acontece', 'causada']","['O leite materno também pode ser usado para tratar conjuntivite em bebê?', 'É normal que a bebê continue com remela nos olhos por alguns dias?', 'O que pode causar a alergia forte nos olhos da minha filha, que surgiu ao nascimento e não desapareceu até quase 11 meses de idade?']"
96,66,96_estrias_óleo_melasma_cicatricure,"['estrias', 'óleo', 'melasma', 'cicatricure', 'prímula', 'solar', 'creme', 'gel', 'protetor', 'durante']","['Em quanto tempo o gel Cicatricure começa a fazer efeito nas estrias após a gravidez?', 'O gel Cicatricure fez diferença real nas estrias após a gravidez?', 'É melhor continuar usando o óleo da Muriel durante toda a gestação ou trocá-lo por outro produto?']"
97,61,97_exercícios_exercício_começar_fazer,"['exercícios', 'exercício', 'começar', 'fazer', 'correr', 'esses', 'partir', 'posso', 'treino', 'terceiro']","['A partir de quantas semanas de gestação já pode começar a fazer esses exercícios?', 'Em que momento da gestação é possível começar a fazer exercícios com a bola de pilates?', 'Com quantos meses de gravidez posso fazer estes exercícios?']"
98,47,98_coração_ouvir_batimentos_doppler,"['coração', 'ouvir', 'batimentos', 'doppler', 'fetal', 'cardíacos', 'embrião', 'escutar', 'semanas', 'conseguir']","['É normal não conseguir ouvir o coração do bebê com 14 semanas usando o doppler fetal em casa?', 'Com 13 semanas de gravidez, é normal não conseguir ouvir o coração do bebê com o Doppler fetal em casa?', 'É normal não conseguir ouvir o coração do bebê com 11 semanas e 4 dias usando o doppler fetal em casa?']"
99,71,99_descobrir_remédios_prejudicar_tomar,"['descobrir', 'remédios', 'prejudicar', 'tomar', 'formação', 'paracetamol', 'uso', 'dipirona', 'má', 'antes']","['Tomar remédios para gripe e antialérgico uma semana antes de descobrir a gravidez pode afetar o bebê?', 'O remédio que foi tomado antes de descobrir a gravidez pode ter causado algum problema ao bebê ou aumentado o risco de algo pior?', 'O uso de amoxicilina por 7 dias e dexametasona por 3 dias, antes de descobrir uma gravidez de 4 semanas, pode prejudicar o bebê?']"
100,71,100_sexuais_relações_sexual_relação,"['sexuais', 'relações', 'sexual', 'relação', 'tiveram', 'consequências', 'contrair', 'camisinha', 'teve', 'vagina']","['Ela já teve relações sexuais?', 'Devo parar de ter relações sexuais por causa desse problema?', 'Como alguém vai parar de ter relações sexuais na adolescência?']"
101,70,101_data_prevista_nascimento_olívia,"['data', 'prevista', 'nascimento', 'olívia', 'janeiro', 'fevereiro', 'da', 'provável', '30', '26']","['A data prevista para o nascimento da Olívia é 7 de fevereiro?', 'A data prevista para o nascimento da Olívia é 2 de fevereiro?', 'A data prevista para o nascimento da Olívia é 26 de janeiro ou 8 de fevereiro?']"
102,61,102_clarinha_mãe_sabe_novo,"['clarinha', 'mãe', 'sabe', 'novo', 'esperando', 'grávida', 'está', 'da', 'yuri', 'valentina']","['A mãe da Clarinha está grávida de novo?', 'É verdade que a mãe da Clarinha está grávida de novo?', 'A Clarinha já sabe que a mãe está grávida de novo?']"
103,52,103_ácido_fólico_metilfolato_ferroso,"['ácido', 'fólico', 'metilfolato', 'ferroso', 'sulfato', 'mg', 'autismo', 'suplementar', 'tomando', 'recomendação']","['Após um mês e oito dias tomando ácido fólico, já é possível tentar engravidar ou é preciso esperar três meses?', 'A dose de 5 mg de ácido fólico fornecida pelo SUS é alta, considerando que a recomendação é de 400 a 600 mcg?', 'Quem está tentando engravidar deve continuar tomando ácido fólico de 5 mg receitado pelo SUS?']"
104,63,104_bombinha_elétrica_bomba_carregada,"['bombinha', 'elétrica', 'bomba', 'carregada', 'sucção', 'liga', 'borracha', 'engolir', 'errada', 'uso']","['Como saber se a bombinha elétrica está carregada?', 'Estou usando a bombinha elétrica de forma errada, já que sinto muita dor ao usá-la?', 'Uma bombinha elétrica que liga e faz barulho, mas não faz sucção, tem alguma dica para voltar a funcionar?']"
105,65,105_remédio_engravidar_existe_impedir,"['remédio', 'engravidar', 'existe', 'impedir', 'tentando', 'rápido', 'espermatozoides', 'contínuo', 'dicas', 'deseja']","['Existe algum remédio para aumentar a ovulação em uma mulher que deseja engravidar?', 'Existe algum remédio para engravidar mais rápido?', 'Existe algum remédio para aumentar a produção de espermatozoides em um casal que deseja ter filhos?']"
106,64,106_comer_suco_comida_alimentar,"['comer', 'suco', 'comida', 'alimentar', 'introdução', 'meses', 'oferecer', 'carne', 'laranja', 'pediatra']","['É recomendado oferecer suco e carne para um bebê de 4 meses?', 'Qual é a necessidade de um bebê de 4 meses comer carne e beber suco de laranja?', 'De acordo com a Sociedade Brasileira de Pediatria, a introdução alimentar deve começar apenas aos 6 meses e o suco apenas a partir de 1 ano?']"
107,73,107_engravidar_tentando_vocês_tentar,"['engravidar', 'tentando', 'vocês', 'tentar', 'tentativas', 'contraceptivo', 'conseguir', 'você', 'todos', 'método']","['Há quanto tempo você estava tentando engravidar?', 'Vocês vão conseguir continuar tentando engravidar todos os dias?', 'Se vocês estão tentando todos os dias, isso quer dizer que estão tentando engravidar?']"
108,71,108_fértil_relação_período_ovulação,"['fértil', 'relação', 'período', 'ovulação', 'engravidar', 'relações', 'menstruação', 'sexual', 'aplicativo', 'dia']","['Há possibilidade de gravidez após uma relação com coito interrompido no primeiro dia da menstruação, mesmo tendo menstruado depois e com 5 ou 6 testes de gravidez negativos?', 'É possível engravidar após ter relação sexual enquanto estava menstruada?', 'Há chance de engravidar após ter relação desprotegida no período fértil e no dia da ovulação?']"
109,63,109_exercícios_preparar_preparação_feitos,"['exercícios', 'preparar', 'preparação', 'feitos', 'esses', 'exercício', 'devem', 'indicados', 'parto', 'para']","['Gestantes com 33 semanas e 5 dias de gravidez já podem fazer esses exercícios para se preparar para o parto normal?', 'Gestantes com 5 meses de gravidez podem fazer esses exercícios para se preparar para o parto normal?', 'Gestantes com 24 semanas de gravidez podem fazer esses exercícios de preparação para o parto normal?']"
110,53,110_contexto_gestação_segunda_evoluiu,"['contexto', 'gestação', 'segunda', 'evoluiu', 'toda', 'cuidou', 'enxoval', 'tudo', 'fala', 'tranquila']","['A gestação evoluiu bem e deu tudo certo?', 'No seu caso, depois de uma situação parecida, deu tudo certo na gravidez?', 'Na segunda gestação, é possível que tudo dê certo novamente?']"
111,55,111_diabetes_gestacional_glicemia_jejum,"['diabetes', 'gestacional', 'glicemia', 'jejum', 'relacionado', 'glicose', 'controlada', 'controlar', 'insulina', 'gestante']","['O que é diabetes gestacional?', 'Essa gestante teve diabetes gestacional?', 'Os médicos costumam induzir o parto com 37 semanas em todos os casos de diabetes gestacional, mesmo quando o bebê está com crescimento normal e a diabetes está controlada sem remédios?']"
112,45,112_pai_quem_estiver_mencionada,"['pai', 'quem', 'estiver', 'mencionada', 'nessa', 'despercebida', 'participou', 'for', 'ela', 'caso']","['A pessoa mencionada vai ser pai se a gravidez for de uma namorada?', 'Se ela estiver grávida, quem é o pai do bebê?', 'Quem é o pai do bebê, no caso de a pessoa mencionada estar grávida?']"
113,42,113_ejaculação_calcinha_penetração_sêmen,"['ejaculação', 'calcinha', 'penetração', 'sêmen', 'proteção', 'relação', 'espermatozoides', 'engravidar', 'fértil', 'pênis']","['É possível engravidar sem penetração, usando short e calcinha o tempo todo, se o sêmen caiu sobre a roupa e ficou perto da região íntima?', 'É possível engravidar tendo relação sem proteção, sem ejaculação dentro, durante o período fértil?', 'Se o sêmen entrou no short largo e foi para a calcinha, e a calcinha estava molhada por secreção no período fértil, isso pode facilitar a entrada dos espermatozoides e causar gravidez?']"
114,58,114_urinária_pélvica_fisioterapia_vagina,"['urinária', 'pélvica', 'fisioterapia', 'vagina', 'incontinência', 'sonda', 'exercício', 'exercícios', 'espirrar', 'rir']","['Quais exercícios podem me ajudar a melhorar a incontinência urinária?', 'Existe algum tratamento ou solução para a dor, o ressecamento e o rasgo no início da vagina durante a relação sexual?', 'É normal sentir um pequeno desconforto nos primeiros dias ao fazer esse exercício de apertar e soltar o canal vaginal?']"
115,84,115_experiência_natural_parto_você,"['experiência', 'natural', 'parto', 'você', 'pretende', 'passar', 'normal', 'seu', 'luz', 'conseguiu']","['Você pretende registrar o parto em vídeo ou viver essa experiência de forma mais reservada?', 'Você conseguiu ter um parto natural?', 'O que você gostaria de fazer, ou já está fazendo, para ter uma boa experiência no parto natural?']"
116,56,116_sintomas_esses_indicar_podem,"['sintomas', 'esses', 'indicar', 'podem', 'descritos', 'junto', 'gravidez', 'atraso', 'menstrual', 'sensações']","['Esses sintomas podem indicar gravidez mesmo com o teste de farmácia negativo?', 'Mesmo sendo laqueada, esses sintomas podem indicar gravidez?', 'Esses sintomas podem indicar gravidez?']"
117,69,117_gi_grávida_mostrar_zoro,"['gi', 'grávida', 'mostrar', 'zoro', 'está', 'quem', 'pai', 'trabalho', 'real', 'ela']","['A Gi deve fazer um teste de gravidez para mostrar o resultado na vida real?', 'A Gi estaria grávida aos 15 ou 16 anos?', 'Se a Gi estiver grávida, quem é o pai do bebê?']"
118,91,118_materno_leite_oferecer_paterno,"['materno', 'leite', 'oferecer', 'paterno', 'geladeira', 'ficar', 'quanto', 'retirado', 'beber', 'armazenamento']","['Quanto tempo o leite materno pode ficar fora da geladeira antes de ser dado ao bebê?', 'O leite materno pode ficar fora da geladeira por cerca de duas horas, dentro de uma bolsinha de viagem, sem estragar?', 'Por quanto tempo o leite materno pode ficar congelado?']"
119,57,119_mounjaro_enquanto_amamentando_alguma,"['mounjaro', 'enquanto', 'amamentando', 'alguma', 'amamentava', 'tirzepatida', 'tomando', 'percebeu', 'amamenta', 'usar']","['É preocupante ter tomado duas doses de Mounjaro 2,5 mg em duas semanas e descoberto a gravidez na segunda dose?', 'Alguma mãe que tomou Mounjaro enquanto amamentava percebeu alguma coisa?', 'Alguma mãe que tomou Mounjaro enquanto amamentava percebeu alguma diferença no leite materno?']"
120,50,120_linha_teste_fraca_farmácia,"['linha', 'teste', 'fraca', 'farmácia', 'linhas', 'positivo', 'resultado', 'indica', 'traços', 'duas']","['Um teste de gravidez de farmácia com duas linhas rosas, sendo a segunda bem fraca e distante da primeira, indica um resultado positivo?', 'Um teste de gravidez de farmácia com uma linha forte e outra muito fraca indica que estou grávida?', 'Um teste de gravidez de farmácia com a segunda linha fraca indica que o resultado é positivo?']"
121,69,121_lado_dormir_esquerdo_cima,"['lado', 'dormir', 'esquerdo', 'cima', 'mal', 'posição', 'baixo', 'barriga', 'gestante', 'direito']","['O que fazer quando a gestante não consegue dormir do lado esquerdo?', 'Uma gestante de 14 semanas pode dormir de barriga para cima se dormir de lado entope o nariz e afeta o nervo ciático?', 'Na gravidez, dormir do lado esquerdo significa ficar com o lado esquerdo para cima ou para baixo?']"
122,62,122_revelação_chá_descobrir_vai,"['revelação', 'chá', 'descobrir', 'vai', 'sexo', 'haver', 'será', 'fazer', 'fazem', 'vocês']","['Quando vai ser o chá revelação?', 'Vai haver chá revelação?', 'Como vai ser o chá revelação?']"
123,70,123_perdeu_kamylinha_engravidou_perder,"['perdeu', 'kamylinha', 'engravidou', 'perder', 'camilinha', 'disse', 'descobriu', 'kamila', 'camila', 'estava']","['Kamylinha perdeu o bebê?', 'A Camilinha estava grávida, perdeu o bebê e depois engravidou novamente?', 'A Kamila engravidou aos 17 anos e perdeu o bebê?']"
124,42,124_histerectomia_total_progesterona_fez,"['histerectomia', 'total', 'progesterona', 'fez', 'repor', 'retirou', 'útero', 'reposição', 'usar', 'precisa']","['Quem fez histerectomia total precisa usar progesterona?', 'Qual é a melhor forma de usar progesterona em mulheres na menopausa cirúrgica, sem útero, após histerectomia total por endometriose?', 'Quem não tem útero, após histerectomia total, também precisa usar progesterona?']"
125,47,125_urina_xixi_colocado_teste,"['urina', 'xixi', 'colocado', 'teste', 'caseiro', 'testes', 'cotonete', 'feito', 'feitos', 'comida']","['O palitinho do teste de gravidez deve ser colocado no xixi?', 'O teste de gravidez é colocado primeiro na urina e depois na comida?', 'Os testes de gravidez foram feitos com a urina da mesma grávida?']"
126,67,126_contrações_dilatação_doem_dor,"['contrações', 'dilatação', 'doem', 'dor', 'parto', 'as', 'contração', 'cm', 'partos', 'sentir']","['As contrações do parto não doem?', 'As contrações do parto realmente não doem?', 'As contrações de parto realmente doem?']"
127,64,127_sonhar_significa_luz_dando,"['sonhar', 'significa', 'luz', 'dando', 'sonho', 'significar', 'fazia', 'mulher', 'que', 'mexendo']","['O que pode significar sonhar que está grávida, sentir o bebê mexendo muito e ver as mãos e os pés dele se esticando pela pele da barriga?', 'O que significa sonhar que estou dando à luz um menino de parto normal e, em outro sonho, que estou em trabalho de parto e parindo gêmeos ao mesmo tempo?', 'O que significa sonhar por três dias que está em trabalho de parto, sem conseguir ter parto normal, sem conseguir ver a criança e, no terceiro sonho, com sangramento que levou à decisão de fazer uma cesárea?']"
128,44,128_pós_inchada_diástase_barriga,"['pós', 'inchada', 'diástase', 'barriga', 'desinchar', 'enorme', 'parto', 'gordura', 'perna', 'parecer']","['A ausência de menstruação após o parto pode causar inchaço abdominal, como se a mulher estivesse grávida de quatro ou cinco meses?', 'É normal a barriga ainda estar inchada com dois meses de pós-parto?', 'No pós-parto, é normal a barriga ainda parecer de grávida de seis meses mesmo após a mulher perder todo o peso ganho, depois de três ou quatro meses?']"
129,54,129_estupro_caso_estuprada_cuidar,"['estupro', 'caso', 'estuprada', 'cuidar', 'permitido', 'considerada', 'aborto', 'abuso', 'vítima', 'quer']","['Mesmo se a gravidez for resultado de um estupro, o aborto é permitido?', 'Uma mulher que foi violentada pelo próprio abusador pode escolher se quer ter o filho dele?', 'Não permitir o aborto em caso de estupro, mesmo quando a mãe quer interromper a gravidez, prolonga o trauma psicológico e físico?']"
130,60,130_útero_ovários_progesterona_usar,"['útero', 'ovários', 'progesterona', 'usar', 'tem', 'reposição', 'colo', 'precisa', 'via', 'mulher']","['Uma mulher que não tem útero, mas mantém os ovários, precisa usar progesterona junto com estradiol?', 'Uma mulher de 59 anos, sem útero e sem colo do útero, pode usar progesterona junto com Estradipl e testosterona?', 'Uma pessoa sem útero, colo do útero e ovários pode usar progesterona por via vaginal?']"
131,47,131_homens_engravidar_faz_sabem,"['homens', 'engravidar', 'faz', 'sabem', 'ovodoação', 'conseguem', 'gerar', 'como', 'sozinhas', 'filhos']","['Como se faz para engravidar e ter um filho?', 'Como se faz para engravidar e ter um bebê?', 'Como faço para engravidar para ter um bebê em novembro?']"
132,86,132_menino_menina_acha_certeza,"['menino', 'menina', 'acha', 'certeza', 'será', 'quis', 'dizer', 'ou', 'marcar', 'rosa']","['É um menino ou uma menina?', 'Será que é um menino ou uma menina?', 'É menino ou menina, afinal?']"
133,69,133_baleia_filhote_amamentação_baleias,"['baleia', 'filhote', 'amamentação', 'baleias', 'água', '100', 'mar', 'amamentam', 'filhotes', 'quilos']","['Um filhote de baleia mama cerca de 100 quilos de leite por dia?', 'Por que a maioria das baleias sofre, morre e muitos filhotes morrem ainda nessa fase de amamentação?', 'Se uma baleia pesa 1 tonelada e ganha 100 quilos por dia, ela chegaria a 100 toneladas na fase adulta?']"
134,66,134_alimentação_fome_alimentos_durante,"['alimentação', 'fome', 'alimentos', 'durante', 'dieta', 'gestante', 'comer', 'quantidade', 'quais', 'carnívora']","['É normal uma gestante ficar com fome uma hora depois de comer duas colheres de arroz e duas de feijão, mesmo com salada e proteína?', 'Uma gestante pode deixar de fazer o lanche da manhã se não sentir fome entre o café da manhã e o almoço?', 'Seus exames estão normais durante a gestação após começar a dieta carnívora?']"
135,43,135_cocô_fezes_evacuar_verde,"['cocô', 'fezes', 'evacuar', 'verde', 'força', 'fazer', 'normal', 'espumoso', 'muco', 'fórmula']","['É normal um bebê recém-nascido, que mama só no peito, fazer cocô líquido com muco e nunca fazer cocô pastoso?', 'É normal um bebê de 1 mês, que passou do leite materno para a fórmula, fazer cocô verde-musgo e brilhante?', 'É normal o bebê fazer cocô verde há 3 dias?']"
136,46,136_anos_16_adolescente_15,"['anos', '16', 'adolescente', '15', 'pessoa', 'engravidar', 'idade', 'engravidando', 'jovem', 'uma']","['Como ela pode estar grávida se tem só 16 anos?', 'Uma adolescente de 16 anos pode ter um filho?', 'Uma pessoa de 16 anos pode engravidar?']"
137,69,137_farmácia_negativo_testes_teste,"['farmácia', 'negativo', 'testes', 'teste', 'sangue', 'exame', 'negativos', 'resultado', 'feito', 'mesmo']","['Mesmo com dois testes de farmácia e um exame de sangue negativos, é possível estar grávida?', 'Mesmo com dois testes de farmácia e um exame de sangue negativos, ainda pode ser gravidez?', 'Devo esperar mais alguns dias e fazer um exame de sangue para confirmar se estou grávida, mesmo com dois testes de farmácia negativos?']"
138,42,138_sangramento_vermelho_vivo_apareceu,"['sangramento', 'vermelho', 'vivo', 'apareceu', 'relação', 'errado', 'sangue', 'machucado', 'algo', 'significar']","['Um sangramento vermelho vivo que aconteceu sete dias após a relação pode indicar que há algo de errado?', 'O pequeno sangramento marrom escuro que apareceu após a relação pode ter sido provocado pela relação sexual?', 'Um ponto de sangue vermelho vivo dois dias após a relação pode ser machucado ou outra coisa?']"
139,50,139_seios_nos_dor_sentiu,"['seios', 'nos', 'dor', 'sentiu', 'sentir', 'doloridos', 'ficam', 'comum', 'mamilos', 'sensação']","['Toda gestante sente dor nos seios no início da gravidez?', 'É normal não sentir dor nos seios na gravidez?', 'Você sentiu dor nos seios no início da gravidez?']"
140,52,140_domperidona_produção_aumentar_materno,"['domperidona', 'produção', 'aumentar', 'materno', 'leite', 'efeitos', 'colaterais', 'começou', 'riscos', 'quais']","['Qual foi o resultado do uso de domperidona para aumentar a produção de leite materno?', 'Quais são os efeitos adversos da domperidona usada para aumentar a produção de leite materno?', 'O uso de domperidona para aumentar a produção de leite materno causou efeitos colaterais?']"
141,46,141_outro_ela_vem_filhos,"['outro', 'ela', 'vem', 'filhos', 'jovem', 'atualmente', 'vai', 'será', 'filhas', 'nasceram']","['Ela vai ter uma menina?', 'Ela vai ter outro bebê?', 'É verdade que ela vai ganhar outro bebê?']"
142,54,142_quantas_quantos_meses_você,"['quantas', 'quantos', 'meses', 'você', 'gestação', 'estava', 'semanas', 'está', 'tomadas', 'previsto']","['Com quantas semanas de gestação você está?', 'Com quantas semanas de gestação você estava?', 'Na primeira gestação, com quantas semanas você estava?']"
143,59,143_bolsa_estourou_contrações_estourar,"['bolsa', 'estourou', 'contrações', 'estourar', 'romper', 'amniótica', 'líquido', 'ir', 'começarem', 'sair']","['Deu tudo certo com a gestante e o bebê depois de a bolsa estourar e as contrações começarem com 32 semanas de gravidez?', 'Quando as contrações começarem, posso ir para o hospital ou devo esperar a bolsa estourar?', 'Se a bolsa romper no início das contrações, em quanto tempo devo ir ao hospital?']"
144,71,144_placenta_descolamento_acontece_baixa,"['placenta', 'descolamento', 'acontece', 'baixa', 'fica', 'anterior', 'perigoso', 'corpo', 'contínuo', 'hemorragia']","['O que acontece quando a placenta está anterior?', 'O sangramento contínuo após descolamento da placenta pode levar à indução do parto?', 'A posição da placenta anterior pode trazer risco na gravidez?']"
145,69,145_dói_anestesia_cesariana_cesáreas,"['dói', 'anestesia', 'cesariana', 'cesáreas', 'sente', 'cesárea', 'dor', 'menos', 'nascendo', 'relacionada']","['É verdade que, após uma cesariana, a mulher sente essa dor?', 'A anestesia da cesariana pode causar dor na coluna por muito tempo?', 'Uma mulher submetida à cesárea com anestesia sente dor?']"
146,48,146_episiotomia_laceração_evitar_humanizado,"['episiotomia', 'laceração', 'evitar', 'humanizado', 'parto', 'corte', 'rasgue', 'perineal', 'fórceps', 'garfo']","['É necessário fazer episiotomia para evitar que a cirurgia de perineoplastia rasgue?', 'Se a mulher já fez episiotomia em um parto, é provável que precise fazer episiotomia novamente no próximo parto?', 'Se na primeira e na segunda gestação foi necessário fazer episiotomia, o terceiro parto pode ser normal, sem cortes?']"
147,32,147_aas_aspirina_eclâmpsia_pré,"['aas', 'aspirina', 'eclâmpsia', 'pré', 'trimestre', 'mg', 'tomar', 'prevenir', 'primeiro', 'sentido']","['Faz sentido que o uso de AAS, uma conduta recomendada para prevenir pré-eclâmpsia na gestação, aumente o risco para o feto em qualquer sentido?', 'Gestantes com 33 semanas de gestação e alto risco de pré-eclâmpsia devem usar AAS nessa fase da gestação?', 'Para quem já teve pré-eclâmpsia em uma gestação anterior, é válido começar a usar AAS e suplementação desde o primeiro trimestre da gravidez?']"
148,43,148_percentil_semanas_34_gestação,"['percentil', 'semanas', '34', 'gestação', 'kg', '19', 'mm', '36', 'com', 'cm']","['É normal a bebê estar com 3.114 g às 36 semanas e 37 semanas e 3 dias de gravidez, ou isso é motivo de preocupação?', 'É normal um bebê, com 36 semanas e 3 dias de gestação, medir 50 cm e pesar 2.953,4 gramas?', 'O que significa a idade fetal de 34 semanas e 4 dias pela biometria, se estou com 34 semanas e 2 dias de gestação, e o bebê pesa 2537 gramas com percentil 62%?']"
149,57,149_pós_disso_normais_partos,"['pós', 'disso', 'normais', 'partos', 'sentiu', 'parto', 'muitos', 'puerpério', 'lidar', 'gases']","['Como tem sido o primeiro mês após o parto?', 'Reaquecer a comida pode fazer mal para a mãe no pós-parto e para a criança?', 'Qual é o papel do marido em relação à poupança do casal e ao apoio à esposa no pós-parto?']"
150,52,150_sintomas_sintoma_sentiu_quais,"['sintomas', 'sintoma', 'sentiu', 'quais', 'mesmos', 'relatou', 'os', 'sentindo', 'apresentar', 'nenhum']","['Quais sintomas de gravidez você teve?', 'Quais sintomas de gravidez você está sentindo?', 'Quais sintomas de gravidez você sentiu?']"
151,62,151_semanas_39_entrar_40,"['semanas', '39', 'entrar', '40', 'induzir', '37', 'trabalho', 'gestação', '42', 'ir']","['Se eu chegar às 40 semanas de gestação, devo ir ao hospital ou esperar o trabalho de parto em casa?', 'Na gestação de 39 semanas e 2 dias, só é possível induzir o parto com 40 semanas?', 'Uma gestante com 36 semanas, com parto marcado para 39 semanas, pode entrar em trabalho de parto antes da data prevista?']"
152,65,152_recuperação_cesariana_cesárea_após,"['recuperação', 'cesariana', 'cesárea', 'após', 'pós', 'repouso', 'chiclete', 'operatório', 'resguardo', 'melhorou']","['É possível ter relações sexuais 10 dias após a cesariana?', 'Como está sendo a recuperação após a cesariana e a retirada de uma trompa, devido a uma gravidez fora do útero?', 'Há algum problema em deitar na rede 45 dias após uma cesariana?']"
153,63,153_cabelo_crescer_materno_crescimento,"['cabelo', 'crescer', 'materno', 'crescimento', 'queda', 'leite', 'cair', 'tática', 'tanto', 'chupando']","['É verdade que o leite materno faz o cabelo do bebê crescer?', 'É verdade que o leite materno faz o cabelo da bebê crescer muito?', 'É verdade que colocar leite materno no cabelo faz o cabelo do bebê crescer?']"
154,61,154_teste_devo_fazer_atrasar,"['teste', 'devo', 'fazer', 'atrasar', 'repetir', 'esperar', 'menstruação', 'negativo', 'gravidez', 'atraso']","['Com três dias de atraso menstrual e teste de farmácia negativo, quanto tempo devo esperar para fazer o exame de sangue de gravidez?', 'Foi cedo demais fazer o teste de gravidez após um mês de atraso menstrual e ele ter dado negativo?', 'Devo fazer um novo teste de gravidez após a menstruação atrasar e o teste feito há dois dias ter dado negativo?']"
155,42,155_reflexo_vermelho_olho_preto,"['reflexo', 'vermelho', 'olho', 'preto', 'aparecer', 'câncer', 'exame', 'feito', 'cor', 'significa']","['E se o reflexo vermelho do olho do bebê aparecer preto?', 'O que deve ser feito se, no reflexo vermelho do olho do bebê, aparecer preto?', 'O que significa o reflexo vermelho do olho estar preto no exame do bebê?']"
156,40,156_ferro_suplementação_ferritina_endovenoso,"['ferro', 'suplementação', 'ferritina', 'endovenoso', 'deficiência', 'avaliar', 'hemoglobina', 'ar', 'falta', 'aperto']","['Na gestação, a suplementação de ferro deve ser feita para manter a ferritina acima de 70 ng/mL mesmo com hemoglobina acima de 11?', 'Gestantes conseguem obter ferro lipossomal para suplementação na gravidez?', 'Com ferritina de 16, intestino ruim e dificuldade para absorver ferro oral, ainda assim posso receber ferro na veia mesmo tendo risco de pré-eclâmpsia no primeiro morfológico?']"
157,39,157_trompas_ectópica_trompa_obstruídas,"['trompas', 'ectópica', 'trompa', 'obstruídas', 'engravidar', 'dificultar', 'quadril', 'ovário', 'didelfo', 'útero']","['Quais são as minhas chances de engravidar novamente após uma gravidez ectópica e a retirada de uma das trompas?', 'É possível engravidar sem as duas trompas?', 'É possível engravidar tendo apenas os ovários, depois de retirar o útero, o colo do útero e as trompas?']"
