topic_id,disagreement_type,topic_size,top_words,suggestion_1,suggestion_2,suggestion_3,central_example_1,central_example_2,central_example_3,central_example_4,central_example_5,boundary_example_1,boundary_example_2,boundary_example_3,boundary_example_4,boundary_example_5,victoria_relevance,victoria_name_option,victoria_selected_name,victoria_notes,gabriel_relevance,gabriel_name_option,gabriel_selected_name,gabriel_notes,relevance,selected_name_option,manual_name,notes,annotator_id,annotated_at
6,name,187,"['dilatação', 'semanas', '38', 'contrações', 'tampão', 'mucoso', 'sinais', 'trabalho', 'dores', '39']",dilatação e sinais de trabalho de parto,início do trabalho de parto e dilatação,sinais maternos de dilatação e parto,Uma gestante com 35 semanas que já sente todos os sintomas de dilatação deve se preocupar?,"É normal ficar assim por uma semana, com 38 semanas e 3 dias de gravidez, 1 cm de dilatação, contrações constantes e fisgadas no canal vaginal?","Uma gestante com 39 semanas e 6 dias, com saída de tampão mucoso e barriga ficando muito endurecida, já está tendo dilatação?","Uma gestante de 29 semanas com dores nas costas, dor na parte de baixo, sensação de pressão e barriga dura o tempo todo pode estar dilatando antes da hora?","Com 38 semanas e 3 dias de gravidez, sentir muitas contrações de treinamento e a barriga parecer que vai cair e apertar indica dilatação ou início do trabalho de parto?",Você está sentindo dores em qual região especificamente?,"Uma gestante de 36 semanas, autônoma, MEI e com contrato temporário que vai terminar no próximo mês pode requerer auxílio-maternidade além do salário-maternidade?",A dor e o inchaço na parte de baixo da barriga há 5 dias podem ser endometriose?,O que devo fazer para aliviar a dor lombar pós-parto que está irradiando para as pernas?,"É normal, com 7 meses de gravidez, ainda não ter saído colostro?",relevante,2,início do trabalho de parto e dilatação,,relevante,1,dilatação e sinais de trabalho de parto,,,,,,,
7,name,182,"['podem', 'cólicas', 'seios', 'sinais', 'dor', 'indicar', 'enjoo', 'doloridos', 'sinal', 'atraso']",Sinais de gravidez no atraso menstrual,Possíveis sintomas de gravidez,Indícios de gravidez e atraso menstrual,"Um atraso de 4 dias, com cólica, dor nas mamas, dor lombar, fome e um pouco de sono pode ser sinal de gravidez?","Seis dias de atraso menstrual, seios doloridos e cólicas que vão e voltam podem indicar gravidez?","Os enjôos, as cólicas leves, a dor de cabeça, a dor nas costas e o atraso menstrual podem indicar gravidez?",Dor nos seios e cólicas com 12 dias de atraso menstrual podem ser sinais de gravidez?,"Sintomas como cólica, dor nos seios, dor de cabeça, enjoo e dor nas costas antes do atraso menstrual podem indicar gravidez?",Essa dor nas pernas pode ser sinal de trombose?,Você teve dor de cabeça?,Seios doloridos constantemente e dor de cabeça podem estar relacionados com essa saída de leite?,Tontura e queda de pressão 60 dias após o parto podem ser sinal de algo grave?,"O que pode ser a dor pélvica e no baixo ventre, com inchaço e irradiação para a lombar?",relevante,3,Indícios de gravidez e atraso menstrual,,relevante,2,Possíveis sintomas de gravidez,,,,,,,
8,name,160,"['hcg', 'beta', 'mui', 'resultado', 'ml', 'quantitativo', 'positivo', 'indica', 'exame', '25']",Interpretação do beta hCG quantitativo na gestação,Leitura do beta hCG quantitativo,Significado do beta hCG na gravidez,"Um resultado de beta-hCG de 0,26 indica gravidez?","Um resultado de beta-hCG inferior a 2,39 indica gravidez ou não?",Um resultado de beta-hCG de 29 indica gravidez?,"Um resultado de beta hCG de 207,6 indica que estou grávida?",Qual é o valor de referência do beta hCG nessa fase da gravidez?,"Segundo o protocolo, o SBG deve sempre ser tratado pelo risco de RPM, sem necessidade de atingir 100.000 UFC/ml?",É demais uma bebê de 6 dias tomar 60 ml por mamada?,Daqui a quantos dias devo fazer o beta quantitativo?,O que devo fazer diante desses sintomas com 37 semanas de gravidez?,A ausência de cólicas nesse caso é um sinal bom ou ruim?,relevante,1,Interpretação do beta hCG quantitativo na gestação,,relevante,2,Leitura do beta hCG quantitativo,,,,,,,
16,name,135,"['vacina', 'bronquiolite', 'contra', 'abrysvo', 'beyfortus', 'tomar', 'aplicada', 'vacinas', 'reação', 'covid']",Vacina contra bronquiolite na gestação e no bebê,Vacina RSV na gravidez e vacinação infantil,Abrysvo Beyfortus intervalos e indicações,"Se a mãe tomar a vacina durante a gestação, o bebê também deve tomar a vacina contra bronquiolite quando nascer?","Se a gestante tomar a vacina contra bronquiolite, qual deve ser o intervalo até o bebê ser vacinado?",É melhor tomar a vacina contra bronquiolite durante a gestação ou após o nascimento do bebê?,"Após o nascimento, a vacina já pode ser aplicada no bebê?","Depois que a bebê melhorar da bronquiolite, ela pode receber essa vacina?",Qual é o tempo de proteção da Beyfortus contra o vírus VSR?,Uma criança com síndrome de Down e deficiência de G6PD pode tomar dipirona?,Existem clínicas particulares de vacinação no Canadá?,"No Ontário, Canadá, a vacina contra bronquiolite só está sendo oferecida para bebês que nascem na temporada de bronquiolite?",A bebê ficou com a mãe após o nascimento ou foi levada para outro local?,relevante,2,Vacina RSV na gravidez e vacinação infantil,,relevante,1,Vacina contra bronquiolite na gestação e no bebê,,,,,,,
17,name,167,"['amamentar', 'amamentação', 'peito', 'bico', 'seio', 'pega', 'silicone', 'correta', 'almofada', 'posição']",Amamentação com pega e posição,Pega do bebê e posição na amamentação,Dor no peito na amamentação,O uso de mamadeira pode prejudicar a amamentação?,O que fazer para o bebê pegar o peito durante a amamentação?,Como assim não pode amamentar dessa forma se essa é a técnica mais utilizada?,A amamentação costuma ser muito dolorosa?,Estou amamentando do jeito errado há três meses?,É possível amamentar o bebê com o carro em მოძრაობimento?,Essa seringa tem o bico duro?,"Na pega correta, o movimento deve ser de baixo para cima, e não o contrário?",Existem lasers para cicatrizar a aréola que cicatrizem na hora e realmente funcionem?,O que ele tem no peito?,relevante,1,Amamentação com pega e posição,,relevante,2,Pega do bebê e posição na amamentação,,,,,,,
25,name,122,"['mei', 'auxílio', 'maternidade', 'direito', 'receber', 'pagar', 'salário', 'parcelas', 'quem', 'atrasadas']",Direitos do MEI ao salário maternidade,Quem é MEI tem direito ao salário-maternidade,Auxílio salário maternidade para MEI,Quem tem MEI tem direito ao auxílio-maternidade?,Pagar apenas o MEI garante direito ao auxílio-maternidade?,Quem é MEI também tem direito ao auxílio-maternidade?,Uma gestante com 32 semanas que abrir um MEI e contribuir duas vezes já terá direito ao auxílio-maternidade?,"Com 10 contribuições pagas ao MEI, mesmo sem completar 10 meses corridos, a gestante tem direito ao salário-maternidade?",Ainda há tempo para meu filho de 10 meses ficar superinteligente se eu comecei a dar iodo agora?,Há alguma tentante em 2025?,Alguém engravidou depois de a Olívia completar dois meses?,Por que tantas mulheres morreram durante o parto normal neste ano?,Existe alguma forma de fazer o quadril abrir durante o parto para evitar uma cesárea de última hora?,relevante,1,Direitos do MEI ao salário maternidade,,relevante,3,Auxílio salário maternidade para MEI,,,,,,,
26,name,136,"['anos', 'aos', 'engravidar', '35', '44', 'mulher', '40', 'ainda', 'possível', 'endometriose']",Gravidez após os 35 anos,Possibilidade de engravidar após 35,Idade materna e chance de engravidar,Uma mulher de 36 anos ainda pode engravidar?,Aos 34 anos ainda é possível engravidar e levar a gestação adiante?,Uma mulher de 33 anos ainda pode engravidar?,"Com 42 anos, ainda consigo engravidar?","Com 50 anos, ainda é possível engravidar?",O que devo fazer diante do medo de tomar essa vitamina B12 injetável durante a gravidez?,"Com dois abortos seguidos, exames básicos de trombofilia normais e mais de 35 anos, seria prudente usar AAS?","Se mães com mais de 35 anos tiverem mais estresse e ansiedade na vida adulta, os filhos terão maior probabilidade de desenvolver ansiedade e estresse?",É humanamente impossível engravidar de gêmeos após endometriose grave?,Uma mulher de 43 anos com esclerose múltipla deve considerar engravidar?,relevante,2,Possibilidade de engravidar após 35,,relevante,3,Idade materna e chance de engravidar,,,,,,,
43,name,152,"['negativo', 'atraso', 'menstrual', 'teste', 'negativos', 'testes', 'estar', 'atrasada', 'farmácia', 'mesmo']",Gravidez com teste negativo e atraso menstrual,Possibilidade de gravidez com atraso menstrual,Teste negativo na gravidez com atraso menstrual,É possível estar grávida mesmo com 18 dias de atraso menstrual e teste de gravidez negativo?,"É possível estar grávida com a menstruação atrasada há um mês, mesmo com teste de gravidez negativo?",É possível estar grávida mesmo com 13 dias de atraso menstrual e teste de gravidez negativo?,É possível estar grávida mesmo com a menstruação atrasada há 1 mês e 14 dias e com teste de gravidez negativo?,É possível estar grávida mesmo com o teste de gravidez negativo e a menstruação atrasada?,Houve atraso menstrual antes do sangramento?,"É normal ter seios doloridos, escurecidos e com veias dilatadas depois do ciclo menstrual, mesmo após cinco testes de gravidez negativos?",Esse teste pode ser feito perto da menstruação ou faltando 10 dias para ela descer?,Com quantos dias de gravidez ou de atraso menstrual esse teste foi feito?,"Com 10 dias de atraso menstrual, cansaço, sono e urina frequente, isso pode ser gravidez ou menopausa, mesmo tendo miomas?",relevante,3,Teste negativo na gravidez com atraso menstrual,,relevante,1,Gravidez com teste negativo e atraso menstrual,,,,,,,
53,name,87,"['plano', 'saúde', 'carência', 'convênio', 'reembolso', 'cobre', 'cobertura', 'parto', 'contratar', 'custos']",Cobertura do plano no parto,Carência e cobertura obstétrica no parto,Reembolso e cobertura do parto,Existe um plano de saúde apenas para o parto?,O parto pode ser feito pelo plano de saúde da empresa?,O que fazer quando o plano de saúde disponibiliza apenas um hospital para realizar o parto?,Como devo proceder para manter o plano de saúde até o parto?,Há indicação de algum plano de saúde sem carência para parto?,O convênio cobre esse procedimento?,"É importante fazer exames de tireoide, como TSH e T4 livre, e exames de trombofilia para verificar se há algum problema que precise ser corrigido nesta gestação?",Devo continuar levando meu bebê ao pediatra particular ou fazer o acompanhamento apenas no Posto de Saúde da Família do meu bairro?,Quando irão humanizar o trabalho de parto e a saúde feminina?,Ela atende pelo plano de saúde?,relevante,2,Carência e cobertura obstétrica no parto,,relevante,1,Cobertura do plano no parto,,,,,,,
63,name,91,"['dilatação', 'cm', 'colo', 'trabalho', 'centímetros', 'útero', 'parto', '10', 'dilatar', 'chega']",dilatação do colo no trabalho de parto,evolução da dilatação no parto,quanto dilata o colo uterino,10 centímetros de dilatação no parto é pouco?,"Por que, ao chegar à maternidade com 10 cm de dilatação, o parto não foi normal?",A dilatação no parto vai até 10 centímetros?,Como é a dilatação no parto?,Geralmente as gestantes chegam ao trabalho de parto com apenas 3 cm de dilatação?,O sinal de Bandl associado à bradicardia fetal em uma mulher em trabalho de parto está associado a qual quadro?,"Por que a minha dilatação não evoluiu além de 3 cm, mesmo eu fazendo tudo o que vejo na internet?",Quantos centímetros de dilatação a mãe do MegaMente teve no parto?,Como é possível dilatar até 8 cm sem sentir dor?,Em quantos dias a dilatação pode acontecer?,relevante,2,evolução da dilatação no parto,,relevante,1,dilatação do colo no trabalho de parto,,,,,,,
67,name,75,"['aborto', 'retido', 'espontâneo', 'curetagem', 'boldo', 'expelir', 'perda', 'abortamento', 'tomou', 'abortar']",Aborto retido e abortamento espontâneo,Abortamento retido e perdas espontâneas,Aborto retido e perda gestacional espontânea,Você fez exames para saber a causa do aborto?,É possível abortar antes de 7 semanas de gestação?,Você fez curetagem após o aborto?,"Com 4 semanas de gestação, será necessário fazer um procedimento ou apenas tomar medicamentos para o aborto?",Até quanto tempo é possível abortar?,Os cuidados com medicamentos são suficientes para um bebê diagnosticado com G6PD?,"Por que Deus permitiu a perda de um bebê na gestação, se a pessoa acredita em Deus?",Existe alguma relação entre quase ter sofrido um aborto na gravidez e a criança nascer com autismo?,O TSH acima de 14 no primeiro aborto espontâneo e quase 5 no segundo pode ter relação com os abortos espontâneos da filha?,"No caso de Streptococcus positivo na gravidez, você tomou antibiótico antes do parto ou somente durante o parto?",relevante,3,Aborto retido e perda gestacional espontânea,,relevante,1,Aborto retido e abortamento espontâneo,,,,,,,
76,name,69,"['fralda', 'trocar', 'xixi', 'fraldas', 'cocô', 'descartável', 'usa', 'pacote', 'algodão', 'roupinhas']",troca de fralda e uso de descartável,uso de fralda descartável e troca,trocar fralda descartável e roupa do bebê,Não é preciso trocar a fralda ou colocar roupa na filha?,É realmente necessário deixar de trocar a fralda do bebê por 12 horas?,Há algum problema em deixar a fralda do bebê por horas se ele não estiver incomodado e a fralda for de boa qualidade?,Qual tamanho de fralda a bebê usa?,"É normal deixar uma fralda no bebê por 12 horas, mesmo cheia de xixi?","Após uma cerclagem feita com 12 semanas de gravidez, é possível continuar trabalhando 12 horas em um serviço administrativo, às segundas, quartas e sextas-feiras?",Seu filho com pé torto congênito já teve recidiva ou precisou trocar a órtese?,Há algum problema em permanecer com o ponto da cesárea?,"Como funciona para o bebê não entrar em contato com sangue, xixi ou cocô no parto, seja na cesariana ou no parto normal?",É deselegante pedir PIX no convite do chá de fraldas caso a pessoa não tenha tempo de comprar o presente?,relevante,3,trocar fralda descartável e roupa do bebê,,relevante,1,troca de fralda e uso de descartável,,,,,,,
80,name,71,"['fórmula', 'leite', 'alergia', 'ml', 'nan', 'infantil', 'integral', 'vaca', 'quantidade', 'intestino']",Fórmula infantil e leite para bebês,Uso de fórmula infantil e leite materno,Oferecer fórmula infantil e leite ao bebê,O leite em fórmula é o ideal para o bebê até 1 ano de idade?,"Se o bebê não quer mamadeira, como dar fórmula?","Depois de 1 ano de idade, pode dar leite comum integral ao bebê?",Leite de vaca industrializado pode ser dado ao bebê?,Um bebê de 2 meses pode estar tomando leite de vaca?,É possível fazer transplante de intestino em uma criança?,Qual foi o motivo da perda gestacional e houve algum motivo específico?,A água para preparar a fórmula deve ser quente ou em temperatura ambiente?,"É possível fazer um bolo de aniversário sem açúcar para bebê com alergia a ovo, leite e amendoim?","Para preparar 180 ml de fórmula Nan EspessAR para o bebê, devo usar 90 ml de água a 70 °C, adicionar 6 medidas da fórmula, agitar bem e depois completar com água mineral até a marca de 180 ml?",relevante,1,Fórmula infantil e leite para bebês,,relevante,2,Uso de fórmula infantil e leite materno,,,,,,,
81,name,72,"['rosado', 'sangramento', 'marrom', 'pequeno', 'corrimento', 'sinal', 'atraso', 'menstrual', 'dias', 'indicar']",Sangramento rosado na suspeita de gravidez,Sangramento marrom rosado com atraso menstrual,Sangramento leve rosado e atraso menstrual,"Um sangramento rosado e leve, que durou 3 dias e depois ficou mais amarronzado, pode ser sinal de gravidez?","Menstruação atrasada há 15 dias, com borra marrom e sangue rosa por dois dias, pode indicar gravidez?","Um sangramento marrom, em pouca quantidade, ocorrido 10 dias antes da menstruação e uma semana após a relação pode estar relacionado à gravidez?","Com um mês de atraso menstrual, sangramento rosado e dor na barriga, pode ser gravidez?",Um sangramento rosinha bem claro que apareceu ontem e depois não veio mais nada pode ser sinal de gravidez?,"Quando a bolsa estoura, o líquido pode sair em pouca quantidade, várias vezes?","O atraso menstrual de 21 dias pode estar relacionado à endometriose, ao endometrioma ou ao mioma?","Há risco de gravidez após a relação, mesmo com o parceiro tendo feito vasectomia há anos, considerando que houve um pequeno sangramento dois dias depois e um pouco mais no quarto dia?",Esse corrimento rosado com ardência pode ter relação com a idade?,É normal ter corrimento rosa com alguns grumos brancos?,relevante,2,Sangramento marrom rosado com atraso menstrual,,relevante,1,Sangramento rosado na suspeita de gravidez,,,,,,,
96,name,66,"['estrias', 'óleo', 'melasma', 'cicatricure', 'prímula', 'solar', 'creme', 'gel', 'protetor', 'durante']",Cuidados com produtos na gravidez,Uso de cremes e protetor solar na gestação,Segurança de cosméticos e tratamentos na gravidez,Quais cuidados uma gestante deve ter e quais produtos ela não pode usar?,Quais produtinhos para a pele e o corpo podem ser usados na gestação?,Qual é um bom protetor solar para usar na gravidez?,Você usou protetor solar durante a gravidez?,O uso de creme e óleo durante o dia mancha muito as roupas na gravidez?,A metformina pode ser usada para tratar um cisto policístico no ovário direito?,Qual é o óleo de rícino e onde ele pode ser comprado?,Esse creme é sem enxágue?,Qual é a dosagem do óleo de prímula indicada?,Quais cuidados uma pessoa com hipotireoidismo deve ter ao engravidar?,relevante,2,Uso de cremes e protetor solar na gestação,,relevante,1,Cuidados com produtos na gravidez,,,,,,,
97,name,61,"['exercícios', 'exercício', 'começar', 'fazer', 'correr', 'esses', 'partir', 'posso', 'treino', 'terceiro']",Início de exercícios na gestação,Começar exercícios durante a gravidez,Fazer exercícios na gravidez sem risco,A partir de quantas semanas de gestação já pode começar a fazer esses exercícios?,Gestantes com 30 semanas de gravidez já podem começar a fazer esses exercícios?,Começar a praticar exercícios na gravidez representa risco para o bebê?,"Gestantes de 4 meses, com gravidez saudável até o momento, já podem fazer exercícios?",Qual é o melhor horário para fazer esses exercícios durante a gestação?,"Em um ciclo de 25 dias, quando devo começar a fazer os testes de ovulação?",Uma criança estuprada deve engravidar e correr o risco de morrer?,O que posso começar a fazer para que meu bebê tenha uma mamada mais tranquila na mamadeira?,Posso fazer esse exercício?,"O que fazer para aquecer o bebê quando estiver muito frio, sem correr os riscos de cobri-lo com cobertor?",relevante,3,Fazer exercícios na gravidez sem risco,,relevante,1,Início de exercícios na gestação,,,,,,,
99,name,71,"['descobrir', 'remédios', 'prejudicar', 'tomar', 'formação', 'paracetamol', 'uso', 'dipirona', 'má', 'antes']",Riscos de remédios na gestação,Impacto de medicamentos na gravidez,Efeitos de remédios no feto,Tomei vários remédios prescritos por médicos antes de descobrir que estava grávida de 6 semanas; isso pode ter prejudicado meu bebê?,É perigoso ter tomado dipirona antes de saber que estava grávida?,"Tomar antibiótico na terceira semana de gravidez, antes de saber que estava grávida, pode causar má formação no bebê?",O remédio que foi tomado antes de descobrir a gravidez pode ter causado algum problema ao bebê ou aumentado o risco de algo pior?,O bebê pode ter algum problema por eu ter tomado remédios para ansiedade e depressão antes de descobrir que estava grávida?,Por que a minha filha continua com esse problema e ele vai e volta mesmo depois de tomar vários remédios?,"O que fazer para evitar que ele mame à noite e me cause dor, mesmo depois de eu ter tomado medicação para secar o leite?",A suspeita de gravidez molar é compatível com a presença de restos ovulares?,O uso de Utrogestan na gestação pode causar má-formação na genitália masculina do feto?,A gestante pode tomar Zina ODT (dicloridrato de levocetirizina) para rinite durante a gravidez?,relevante,2,Impacto de medicamentos na gravidez,,relevante,1,Riscos de remédios na gestação,,,,,,,
104,name,63,"['bombinha', 'elétrica', 'bomba', 'carregada', 'sucção', 'liga', 'borracha', 'engolir', 'errada', 'uso']",Uso da bombinha elétrica para lactação,Funcionamento da bombinha elétrica de leite,Dúvidas sobre bombinha elétrica na amamentação,Quanto tempo devo deixar a bombinha elétrica carregando?,O uso da bombinha elétrica dói?,A bombinha elétrica pode ser usada enquanto está carregando?,A bombinha elétrica funciona bem para quem tem bico pequeno ou ela é muito grande para esse caso?,"Se eu tiver apenas uma bombinha, ainda posso fazer esse procedimento?",Por que um furo de agulha faz com que muito líquido se perca lentamente?,"No pós-parto de cesárea, essa massagem pode ser feita quantas vezes ao dia?",Um bebê de 3 meses que faz barulho na barriga ao mamar e vomita muito depois da mamada pode estar sendo alimentado de forma errada ou a fórmula pode não estar fazendo bem?,"Se eu comer tâmaras, isso pode ajudar no parto mesmo sem nenhuma dilatação?",Esse procedimento pode ajudar a fortalecer o movimento de sucção do bebê para mamar no peito?,relevante,1,Uso da bombinha elétrica para lactação,,relevante,3,Dúvidas sobre bombinha elétrica na amamentação,,,,,,,
105,name,65,"['remédio', 'engravidar', 'existe', 'impedir', 'tentando', 'rápido', 'espermatozoides', 'contínuo', 'dicas', 'deseja']",Remédios e estratégias para engravidar,Opções e tratamentos para engravidar,Dicas para aumentar chances de gravidez,O que posso fazer para engravidar sem precisar passar por tratamentos?,O que posso fazer após quase um ano tentando engravidar sem conseguir?,O remédio para engravidar rápido deu certo?,O que posso fazer para conseguir engravidar depois de tentar por quase dois anos sem sucesso?,Existe remédio para engravidar quando a mulher não consegue engravidar?,Quais dicas de higiene natural e quais posições confortáveis podem ajudar uma bebê de 54 dias com cólica e disquesia?,Existe diferença entre remédio convencional e bioidêntico?,Devo impedir que o bebê chupe o dedo?,Qual é o nome do remédio mencionado para o bebê?,"Depois de oito meses sem tomar um remédio de uso contínuo, ele ainda pode estar fazendo efeito?",relevante,1,Remédios e estratégias para engravidar,,relevante,3,Dicas para aumentar chances de gravidez,,,,,,,
109,name,63,"['exercícios', 'preparar', 'preparação', 'feitos', 'esses', 'exercício', 'devem', 'indicados', 'parto', 'para']",Exercícios para preparação do parto,Exercícios para se preparar para o parto,Exercícios na preparação para o parto,Esses exercícios para se preparar para o parto normal dão certo quando são feitos nessa fase da gestação?,Os exercícios para se preparar para o parto normal podem ser feitos no início da gestação ou apenas no final?,Gestantes com 5 meses de gravidez podem fazer esses exercícios para se preparar para o parto normal?,Gestantes com 20 semanas podem fazer esses exercícios de preparação para o parto normal?,Com quantos meses de gravidez devo começar os exercícios para o parto normal?,É possível preparar o Aptamil AR com água quente?,"Para um bebê de 9 meses, os 4 puffs indicados de 6 em 6 horas devem ser engolidos?","Para preparar 130 ml, quantas colheres de fórmula devo usar?",Esse exercício ajuda na lubrificação?,"Como saber quais exames devem ser feitos quando o médico não informa nada, no caso de um bebê com percentil 5?",relevante,1,Exercícios para preparação do parto,,relevante,2,Exercícios para se preparar para o parto,,,,,,,
111,name,55,"['diabetes', 'gestacional', 'glicemia', 'jejum', 'relacionado', 'glicose', 'controlada', 'controlar', 'insulina', 'gestante']",Diabetes gestacional e controle,Controle da diabetes gestacional,Glicemia na diabetes gestacional,"Com diabetes gestacional controlada, é possível ter parto normal?",O que fazer após descobrir diabetes gestacional com 37 semanas de gravidez?,Como é a gestação em mulheres com diabetes?,"Em casos de diabetes e pressão alta na gravidez, é obrigatório adiantar o parto?","Há outras gestantes com diabetes mellitus tipo 2, com 6 semanas de gravidez, aguardando retorno médico para começar a insulina?",É normal ter dificuldade para introduzir o aplicador do promestrieno quando se tem atrofia vaginal?,Esse tipo de dificuldade para mamar pode estar relacionado a algum problema gastroesofágico ou ao freio lingual?,Que tipo de tinta é usada na arte gestacional?,O hipotireoidismo pode estar relacionado ao atraso menstrual?,A melancia tem índice glicêmico alto?,relevante,1,Diabetes gestacional e controle,,relevante,2,Controle da diabetes gestacional,,,,,,,
120,name,50,"['linha', 'teste', 'fraca', 'farmácia', 'linhas', 'positivo', 'resultado', 'indica', 'traços', 'duas']",Resultado de teste de gravidez,Interpretação do teste de gravidez,Significado do resultado do teste,"Um teste de gravidez de farmácia com duas linhas rosas, sendo a segunda bem fraca e distante da primeira, indica um resultado positivo?","Um teste de gravidez feito antes do atraso menstrual, com uma linha forte e outra fraca, pode indicar gravidez?",Um teste de gravidez de farmácia com uma linha forte e outra muito fraca indica que estou grávida?,"Um teste de gravidez que ficou positivo, bem clarinho, aparecendo depois de 5 minutos, indica gravidez?",Um teste de gravidez com uma linha forte e outra bem fraquinha indica positivo?,Você já tem a camiseta rosa dos ursinhos que mostrou antes para usar com essa calça?,Por que o leite natural da vaca é considerado muito forte para o bebê?,Por que o êmbolo foi pressionado rapidamente?,"Você indica o biscoito ""Meu Primeiro Lanchinho"" da Mucilon para bebê?","O que pode significar um teste de farmácia em que aparecem dois traços, mas o segundo traço depois desaparece?",relevante,1,Resultado de teste de gravidez,,relevante,2,Interpretação do teste de gravidez,,,,,,,
125,name,47,"['urina', 'xixi', 'colocado', 'teste', 'caseiro', 'testes', 'cotonete', 'feito', 'feitos', 'comida']",Testes de gravidez caseiros com urina,Como fazer teste de gravidez com urina,Teste de gravidez com urina e cotonete,O teste de gravidez é feito com urina?,O teste de gravidez não é feito com urina?,O teste de gravidez precisa ser feito com xixi?,O teste de gravidez é feito no xixi?,O teste de gravidez é feito com urina de verdade?,O que acontece se um embrião for colocado no útero de outro animal?,"Por que, biologicamente, o ser humano é feito para fazer isso?",O que a bebê fez foi por impulso ou porque ela sabia que estava na hora da comida?,Esse bebê vai ser colocado para adoção?,O bebê ainda não foi colocado no berço?,relevante,1,Testes de gravidez caseiros com urina,,relevante,2,Como fazer teste de gravidez com urina,,,,,,,
126,name,67,"['contrações', 'dilatação', 'doem', 'dor', 'parto', 'as', 'contração', 'cm', 'partos', 'sentir']",Dor do trabalho de parto,Dor nas contrações e dilatação,Intensidade da dor no parto,As contrações do parto realmente não doem?,As contrações do parto não doem?,As contrações de parto realmente doem?,Contrações de parto podem não doer?,As contrações de parto doem?,A pílula de levonorgestrel pode ter causado essa alteração no sangramento e na menstruação?,O que são contrações miojo?,"Por que Deus, segundo a teologia, teria criado um mecanismo de parto que gera tanto sofrimento e que matou tantas mães e bebês?",Como um hospital em Porto Alegre pode ter 97% de partos por cesárea?,Os partos na época das pedras eram realmente assim?,relevante,2,Dor nas contrações e dilatação,,relevante,1,Dor do trabalho de parto,,,,,,,
127,name,64,"['sonhar', 'significa', 'luz', 'dando', 'sonho', 'significar', 'fazia', 'mulher', 'que', 'mexendo']",Sonhos com gravidez e parto,Interpretação de sonhos com gestação,Significado de sonhos de gravidez,O que significa sonhar que está fazendo o parto de outra pessoa?,O que significa sonhar que estava perdendo o bebê?,O que significa sonhar que fez uma cesariana?,O que significa sonhar que eu estava tendo um bebê e fazia o parto sozinha?,O que significa sonhar que estou grávida e que vou dar à luz sem sentir dor?,Como a luz do ambiente externo consegue atravessar as sete camadas de pele até o bebê durante a gravidez?,"Mesmo o teste do pezinho da minha bebê não tendo mencionado G6PD, ela pode ter herdado essa deficiência?","Se a mulher estiver grávida, o Vitacid afeta apenas o bebê?",O que significa um bebê de 2 meses ter traço falciforme?,Isso pode significar que o bebê de 1 mês não está satisfeito com o leite materno?,relevante,1,Sonhos com gravidez e parto,,relevante,3,Significado de sonhos de gravidez,,,,,,,
138,name,42,"['sangramento', 'vermelho', 'vivo', 'apareceu', 'relação', 'errado', 'sangue', 'machucado', 'algo', 'significar']",Sangramento na gravidez e após relação,Sangramento na gestação e após relação sexual,Sangramento vaginal na gravidez e após relação,Sangramento há 12 dias é motivo de preocupação?,Um sangramento vermelho vivo que aconteceu sete dias após a relação pode indicar que há algo de errado?,"Se ela não menstruou mais depois desse sangramento, isso pode significar outra coisa?",Esse sangramento ocorreu no período em que a menstruação era para descer ou apareceu antes?,Isso é menstruação ou outro tipo de sangramento?,"Como são os pensamentos de uma pessoa com TOC na gravidez, se ela pensa que fez algo de errado ou que falou algo errado, muitas vezes relacionado à gravidez?",A incompatibilidade de tipo sanguíneo e fator Rh pode ocorrer entre pais sem parentesco?,O sangue era vermelho vivo?,A ausência dessas cólicas significa que pode haver algo errado com a gestação?,"Sete dias após uma relação desprotegida e o uso do Dia D, cólicas e uma secreção rosada por dois dias podem indicar gravidez?",relevante,2,Sangramento na gestação e após relação sexual,,relevante,1,Sangramento na gravidez e após relação,,,,,,,
140,name,52,"['domperidona', 'produção', 'aumentar', 'materno', 'leite', 'efeitos', 'colaterais', 'começou', 'riscos', 'quais']",Domperidona para aumentar leite materno,Uso de domperidona para produção de leite,Efeitos e riscos da domperidona no leite,A domperidona funciona mesmo para aumentar a produção de leite materno?,A domperidona realmente funciona para aumentar a produção de leite materno?,O uso de domperidona para aumentar a produção de leite materno causou efeitos colaterais?,Uma gestante de 8 meses que ainda não está produzindo leite pode tomar domperidona para aumentar a produção de leite?,Você chegou a começar a tomar domperidona para aumentar a produção de leite materno?,O Kaleb já começou a mastigar?,Qual a porcentagem de iodo que foi tomada?,Há algum risco em colocar dois embriões em uma fertilização in vitro?,Quais são os riscos e cuidados necessários para engravidar depois dos 30 anos tendo tireoidite de Hashimoto?,A prescrição de Qlaira e Prolut Nor para adenomiose significa que já comecei a terapia hormonal?,relevante,2,Uso de domperidona para produção de leite,,relevante,1,Domperidona para aumentar leite materno,,,,,,,
145,name,69,"['dói', 'anestesia', 'cesariana', 'cesáreas', 'sente', 'cesárea', 'dor', 'menos', 'nascendo', 'relacionada']",Dor na cesariana e anestesia,Dor após cesárea e anestesia,Dor durante cesárea e anestesia,"Depois da cesárea, não dói?",A mãe sente dor na hora da cesárea?,"É verdade que, após uma cesariana, a mulher sente essa dor?",É possível passar horas com dor e ainda assim precisar de uma cesárea?,A cesárea dói muito?,"A perda de movimento do pé esquerdo e da perna em uma gestante, oito meses após cirurgia bariátrica, pode estar relacionada à falta de vitamina B12?",A diminuição dos movimentos do bebê após o uso de hidróxido de alumínio pode estar relacionada a esse medicamento?,Por que tantas crianças que estão nascendo agora estão tendo APLV?,"O que pode causar dor, sensibilidade no mamilo e um pontinho branco com saída de secreção branca em quem não está grávida nem amamentando?",Uma mulher estéril que adota um filho também passa por essa transformação de mãe?,relevante,2,Dor após cesárea e anestesia,,relevante,1,Dor na cesariana e anestesia,,,,,,,
146,name,48,"['episiotomia', 'laceração', 'evitar', 'humanizado', 'parto', 'corte', 'rasgue', 'perineal', 'fórceps', 'garfo']",episiotomia e laceração no parto humanizado,corte perineal episiotomia e laceração,evitar episiotomia e laceração no parto,"Durante o parto, é preferível rasgar naturalmente do que fazer episiotomia?",Não fazer episiotomia pode prejudicar o parto?,"Sem episiotomia, é possível não ter laceração nenhuma no parto?",O que fazer quando ocorre uma laceração durante o parto?,"Na segunda gestação, a episiotomia é necessária no parto normal?",Por que ela escolheu o garfo em vez da colher uma vez e depois escolheu o garfo duas vezes?,Como evitar dor no peito durante a extração de leite?,É pior ficar com urina na bexiga sem conseguir eliminá-la?,Como evitar engordar durante a gravidez?,Como evitar que o bebê também pegue o resfriado?,relevante,1,episiotomia e laceração no parto humanizado,,relevante,2,corte perineal episiotomia e laceração,,,,,,,
151,name,62,"['semanas', '39', 'entrar', '40', 'induzir', '37', 'trabalho', 'gestação', '42', 'ir']",Quando ir à maternidade e induzir parto,Ir à maternidade e indução do parto,Início do trabalho de parto e avaliação na maternidade,"Se eu chegar às 40 semanas de gestação, devo ir ao hospital ou esperar o trabalho de parto em casa?","Ao completar 40 semanas, devo ir para a maternidade mesmo sem a bolsa romper ou sem contrações de parto?",38 semanas de gestação é cedo para entrar em trabalho de parto?,O que fazer se eu entrar em trabalho de parto antes das 37 semanas de gestação?,"Uma gestante com 36 semanas, com parto marcado para 39 semanas, pode entrar em trabalho de parto antes da data prevista?",A reposição com Systen Conti é saudável ou é sintética?,A ideia de comer tâmaras a partir de 36 semanas de gestação é válida?,Uma gestante de 37 semanas com oligodrâmnio já deve ir à maternidade para ser avaliada?,É possível ir para a maternidade assim?,O bebê pode nascer antes de eu completar 8 anos?,relevante,2,Ir à maternidade e indução do parto,,relevante,1,Quando ir à maternidade e induzir parto,,,,,,,
154,name,61,"['teste', 'devo', 'fazer', 'atrasar', 'repetir', 'esperar', 'menstruação', 'negativo', 'gravidez', 'atraso']",Teste de gravidez após atraso menstrual,Quando fazer teste de gravidez,Repetir teste de gravidez com atraso,O teste de gravidez deve ser feito depois de 15 dias de atraso da menstruação?,Devo fazer outro teste de gravidez após dois meses sem menstruar?,Devo esperar um pouco para fazer um novo teste de gravidez?,Foi cedo demais fazer o teste de gravidez após um mês de atraso menstrual e ele ter dado negativo?,Devo repetir o teste de gravidez se a menstruação atrasar?,De quanto em quanto tempo devo fazer a lavagem nasal em bebês?,Meu filho engoliu um objeto; o que devo fazer?,Não seria melhor fazer o acompanhamento da criança desde agora?,Posso fazer o teste de farmácia no período da tarde?,Devo repetir esse exame ou posso confiar no resultado?,relevante,2,Quando fazer teste de gravidez,,relevante,1,Teste de gravidez após atraso menstrual,,,,,,,
155,name,42,"['reflexo', 'vermelho', 'olho', 'preto', 'aparecer', 'câncer', 'exame', 'feito', 'cor', 'significa']",Significado do reflexo vermelho no bebê,Interpretação do reflexo vermelho no olho,Resultado do exame do reflexo vermelho,O que significa o reflexo vermelho do olho estar preto no exame do bebê?,O que aconteceu com o olho da bebê?,E se o reflexo vermelho do olho do bebê aparecer preto?,O que significa o reflexo vermelho no exame oftalmológico do bebê?,É possível que o reflexo vermelho não apareça no exame?,Essas mensagens são destinadas apenas às crianças de até 7 anos?,Na Espanha também é feito o exame de estreptococo do grupo B na gravidez?,O teste de ovulação com carinha feliz aparece apenas uma vez ou deve ser feito mais vezes?,Por que há um ponto preto no meio da barriga em uma cesárea?,Com quanto tempo antes do atraso menstrual pode aparecer enjoo na gravidez?,relevante,3,Resultado do exame do reflexo vermelho,,relevante,1,Significado do reflexo vermelho no bebê,,,,,,,
157,name,39,"['trompas', 'ectópica', 'trompa', 'obstruídas', 'engravidar', 'dificultar', 'quadril', 'ovário', 'didelfo', 'útero']",Gravidez com trompas obstruídas,Possibilidade de engravidar trompas obstruídas,Engravidar com trompas obstruídas,É possível engravidar quando há problema nas trompas?,O que vai acontecer comigo em relação às trompas obstruídas e à possibilidade de engravidar?,Você engravidou sem as trompas?,"Mesmo tendo apenas uma trompa formada, é possível engravidar?",É possível engravidar sem as duas trompas?,Por que não fazer uma cirurgia para que a diarreia pare e ele fique melhor?,Essa técnica ajuda na displasia do quadril?,Qual é o melhor remédio para tratar um cisto no ovário identificado no exame?,Como ela vai sustentar esse bebê se não tem dinheiro nem para se sustentar?,"O seu parto foi igual ao meu, moço?",relevante,1,Gravidez com trompas obstruídas,,relevante,2,Possibilidade de engravidar trompas obstruídas,,,,,,,
2,relevance,361,"['progesterona', 'via', 'oral', 'vaginal', 'uso', 'utrogestan', 'estradiol', 'mg', 'reposição', 'usar']",Uso de progesterona na reposição,Reposição com progesterona uso,Via e tempo de progesterona,A progesterona precisa ser usada por via oral?,A progesterona deve ser tomada de forma contínua?,É aconselhável tomar um comprimido de progesterona de 100 mg por noite?,Por quanto tempo a progesterona pode ser usada?,O médico indicou para você tomar progesterona depois do ciclo menstrual?,O parto vaginal seria uma espécie de cerimônia de iniciação para a maternidade?,A tibolona é segura para uma mulher de 51 anos que está com o sono péssimo?,A via oral do Ultragestan pode causar náuseas?,O AD-Til deve ser administrado em 4 gotas por semana?,"Pode haver hipoplasia mamária mesmo com a reposição de GH, se a causa estiver relacionada a outro hormônio?",relevante,1,Uso de progesterona na reposição,,irrelevante,,,,,,,,,
10,relevance,186,"['mamadeira', 'seringa', 'alimentar', 'dar', 'sugar', 'bico', 'chupeta', 'ponta', 'leite', 'recém']",Alimentação do recém-nascido com mamadeira,Uso de mamadeira para recém-nascidos,Oferecer leite ao recém-nascido com mamadeira,Por que não dar na chiquinha ou em uma mamadeira menor para o bebê?,Por que não dão logo uma mamadeira ao bebê?,Por que não foi usada uma mamadeira para que o bebê sugasse à vontade?,Por que não usam uma mamadeira para alimentar o bebê?,Por que usar seringa para alimentar o bebê em vez de mamadeira?,"O órgão masculino serve para receber os óvulos produzidos pela fêmea, em vez de depositá-los?",O uso de chupeta na infância está associado a distúrbios alimentares ou ao vício em drogas?,"Ao preparar a fórmula, não deveria ter colocado metade da água e depois completado com o restante para não aumentar o volume?","Existem estudos consistentes, com amostra representativa e metodologia robusta, que sustentem essa afirmação sobre chupeta na infância?","Por que alimentá-lo dessa forma, deixando-o sugar tanto?",relevante,1,Alimentação do recém-nascido com mamadeira,,irrelevante,,,,,,,,,
18,relevance,134,"['diu', 'mirena', 'colocação', 'implanon', 'colocar', 'fio', 'machucar', 'pênis', 'lugar', 'inserção']",Colocação de DIU e implante,Inserção de DIU e implanon,Uso de DIU e implante contraceptivo,Qual é a vantagem de colocar o DIU?,Qual é a necessidade de colocar um DIU?,A colocação do DIU costuma ser um pouco desconfortável para a mulher?,Não é mais fácil usar camisinha em vez de colocar o DIU?,É necessário estar menstruada para colocar ou retirar o DIU?,Por que não colocar um na ponta da seringa?,É necessário colocar o bebê para arrotar?,O uso de uma cinta pode machucar ou piorar a ferida após a cesárea?,É preciso colocar alguma proteção na pontinha para não machucar o bebê?,Isso pode machucar o bebê?,relevante,3,Uso de DIU e implante contraceptivo,,irrelevante,,,,,,,,,
21,relevance,148,"['doença', 'rosto', 'tem', 'bochechinha', 'quantos', 'bebê', 'pezinho', 'aparência', 'verde', 'essa']",Doenças e exames do bebê,Problemas de saúde e exames infantis,Condições de saúde do recém-nascido,Por que esse bebê está assim?,O que é isso no bebê?,O bebê tem algum problema de saúde?,O que a pediatra da bebê orientou sobre isso?,O bebê é doente?,A dificuldade para ouvir pode estar relacionada à suspeita de síndrome genética deleção 1p36 da filha?,O nascimento de uma criança com doença congênita indica algum erro divino ou a inexistência de Deus?,Quantos anos a Izadora tem?,"O reteste da orelhinha, já agendado, pode ser feito em qualquer horário no Hospital Rio Solimões?",Quantos anos o Kaleb tem?,irrelevante,,,,relevante,1,Doenças e exames do bebê,,,,,,,
49,relevance,86,"['vitamina', 'b12', 'gotas', 'ui', 'd3', 'k2', 'crianças', 'dar', 'vitaminas', 'dose']",Suplementação de vitaminas em crianças,Doses de vitaminas para crianças,Uso de vitaminas e suplementação infantil,Qual é a quantidade de vitamina D indicada para uma menina de 3 anos?,Qual é a dose de vitamina D para meu filho de 10 anos?,O que acontece se eu der mais de uma gota de vitamina D ao meu filho apenas uma vez; isso faz mal?,Posso dar 2.000 UI de vitamina D três vezes por semana para a criança?,Dar 2 gotas de vitamina D no lugar de 1 faz mal para a criança?,Quantas crianças já foram assassinadas pelos próprios genitores porque não eram desejadas?,O Noa toma a vitamina Apevitim?,O ar-condicionado faz mal para uma criança de 4 anos que está gripada e com tosse com secreção?,"Posso tomar vitamina B12 com 35 semanas de gestação, tendo B12 de 175 e sintomas como fraqueza, formigamentos e cansaço extremo?",O que posso dar para a Maia dormir?,relevante,3,Uso de vitaminas e suplementação infantil,,irrelevante,,,,,,,,,
64,relevance,96,"['filhos', 'condições', 'mundo', 'filho', 'criar', 'ter', 'têm', 'cuidar', 'mulheres', 'sofrer']",Ter filhos apesar de falta de condições,Ter filhos sem condições de cuidar,Gravidez e maternidade com dificuldades,Por que alguém tem filho se não tem condições de criá-lo?,Por que alguém que não tem condições de ter filhos os coloca no mundo?,Por que algumas mulheres continuam tendo mais filhos mesmo dizendo que dói?,Por que uma mulher sem condições de cuidar de si mesma está tendo filhos?,Você ainda pode ter filhos?,Os outros filhos mais velhos de uma criança diagnosticada com deficiência de G6PD também podem ter a deficiência?,Pais mais velhos têm maior probabilidade de ter filhos com autismo?,"A dor de um peito empedrado também prepara para qualquer coisa na vida e no mundo, independentemente de cesárea ou parto normal?",É possível ter um filho mesmo tendo episódios de crise de pânico e medo de sofrer ataques de pânico durante a jornada da maternidade?,Quantas crianças estão morando na rua sem ter o que comer?,relevante,1,Ter filhos apesar de falta de condições,,irrelevante,,,,,,,,,
73,relevance,65,"['histerectomia', 'retirada', 'cirurgia', 'útero', 'retirar', 'total', 'aberta', 'parcial', 'abdominal', 'geral']",Histerectomia e recuperação pós operatória,Retirada do útero e cuidados,Cirurgia de retirada do útero,"Na histerectomia, é possível manter o colo do útero?",É possível retirar o útero mesmo sem ter problemas no útero?,Por que foi realizada a histerectomia?,"Na histerectomia, os médicos abrem no mesmo local de uma cesárea para retirar o útero?",É normal sentir muita dor ao se levantar depois de uma cirurgia de histerectomia feita em 18 de dezembro?,Como colocar o bebê conforto no carro de forma segura?,"No teste do pezinho, não é apenas retirada uma gota de sangue?","A saída de secreção parecida com gosma, transparente ou amarelada, durante as contrações pode ser o tampão mucoso?","Estou com 3 meses de gravidez, tenho muitas varizes e medo de que isso se torne trombose; o que devo fazer agora?",Existe um tratamento mais adequado para esse problema de amamentação ou de retirada de leite?,relevante,1,Histerectomia e recuperação pós operatória,,irrelevante,,,,,,,,,
84,relevance,58,"['menopausa', 'hormonal', 'anos', 'reposição', 'aos', 'menstruar', '41', 'precoce', 'entrando', 'climatério']",Menopausa precoce e reposição hormonal,Transição menopausal e reposição hormonal,Climatério e reposição hormonal,"Com 50 anos, é possível já estar na menopausa?","Com 49 anos e com a menstruação ficando irregular, isso pode ser sinal de pré-menopausa ou menopausa?",Tenho 45 anos e estou sem menstruar há 5 anos; isso significa que já estou na menopausa?,Ficar dois meses sem menstruar e a menstruação voltar neste mês significa que a menopausa está chegando?,Esse atraso menstrual aos 40 anos pode ser sinal de menopausa?,Esse risco é maior apenas para quem tem deficiência do hormônio GH na infância ou adolescência e não faz a reposição hormonal?,Qual é o valor do implante hormonal subcutâneo?,Os exercícios mostrados servem para tratar secura vaginal na menopausa?,Dor na bexiga pode ser causada pela menopausa?,É normal ter ciclos menstruais irregulares aos 46 anos?,relevante,3,Climatério e reposição hormonal,,irrelevante,,,,,,,,,
100,relevance,71,"['sexuais', 'relações', 'sexual', 'relação', 'tiveram', 'consequências', 'contrair', 'camisinha', 'teve', 'vagina']",Relações sexuais e risco gestacional,Relações sexuais e gravidez,Relação sexual e possibilidade de gravidez,Por que uma mulher tem relações sexuais com um rapaz e acaba grávida?,"Por que alguém engravidaria, então?",Isso quer dizer que vocês tiveram relação sexual para engravidar?,Devo parar de ter relações sexuais por causa desse problema?,Houve relação sexual sem preservativo?,"Se eu e meu marido fizermos um estudo genético antes da gestação, os riscos de o bebê nascer com alguma anomalia são eliminados?",Por que não fizeram a versão cefálica externa no meu caso para evitar que meu bebê nascesse atravessado?,"Uma pessoa com câncer terminal pode ter relações sexuais, engravidar e dar à luz?",É normal não fazer outro ultrassom e não saber o peso nem o tamanho do bebê no fim da gestação?,Você tentou ordenhar e congelar o seu leite?,relevante,2,Relações sexuais e gravidez,,irrelevante,,,,,,,,,
107,relevance,73,"['engravidar', 'tentando', 'vocês', 'tentar', 'tentativas', 'contraceptivo', 'conseguir', 'você', 'todos', 'método']",Tentativas para engravidar e método contraceptivo,Conseguir engravidar após tentativas,Engravidar após uso de contraceptivo,O que você fez para engravidar?,Depois de quantas tentativas conseguiram engravidar?,Você conseguiu engravidar?,Você já conseguiu engravidar?,Você fez algo diferente para conseguir engravidar?,Esse procedimento era aplicado todos os dias nos bebês?,Você dá Colidis ao bebê todos os dias?,Existe algo que uma gestante com colestase gestacional possa fazer?,O que está causando o refluxo no bebê?,A vitamina Folidex pode ser usada por quem está tentando engravidar do segundo filho?,irrelevante,,,,relevante,1,Tentativas para engravidar e método contraceptivo,,,,,,,
116,relevance,56,"['sintomas', 'esses', 'indicar', 'podem', 'descritos', 'junto', 'gravidez', 'atraso', 'menstrual', 'sensações']",Sintomas e atraso menstrual gravidez,Sinais de gravidez e atraso menstrual,Indicação de gravidez por sintomas,Esses sinais que estão acontecendo comigo podem indicar gravidez?,"Esses sintomas, junto com a menstruação que não veio, podem indicar gravidez?","Esses sintomas, junto com o atraso menstrual, podem indicar gravidez?",Os sintomas descritos podem indicar gravidez?,Esses sintomas podem indicar gravidez?,Roedores podem transmitir coriomeningite linfocitária na gravidez?,Como foram as primeiras 24 horas depois do parto?,Você pode me indicar uma doula?,Uma infecção urinária pode explicar o atraso menstrual e os sintomas descritos?,"Mesmo sem corrimento, essas sensações podem indicar início do trabalho de parto?",irrelevante,,,,relevante,3,Indicação de gravidez por sintomas,,,,,,,
124,relevance,42,"['histerectomia', 'total', 'progesterona', 'fez', 'repor', 'retirou', 'útero', 'reposição', 'usar', 'precisa']",Uso de progesterona após histerectomia,Reposição de progesterona após histerectomia,Progesterona na menopausa cirúrgica após histerectomia,Quem fez histerectomia total deve usar progesterona?,O uso de progesterona é indicado para mulheres que fizeram histerectomia?,"Após uma histerectomia, é verdade que não é necessário usar progesterona?","Quem fez a retirada do útero, mas ainda tem os ovários, deve usar progesterona?",Quem já retirou o útero também precisa repor progesterona?,Um bebê de 4 meses também deve usar 4 puffs de 6 em 6 horas?,Qual a porcentagem de iodo que a gestante deve usar?,"Foi feito repouso total, levantando apenas para ir ao banheiro e comer?","Em uma gestante com histórico de trabalho de parto prematuro, em uso de progesterona e com colo curto, qual conduta deve ser adotada: cerclagem, pessário ou outra medida?",Como saber quando a gestante deve usar pessário por ICC?,relevante,1,Uso de progesterona após histerectomia,,irrelevante,,,,,,,,,
130,relevance,60,"['útero', 'ovários', 'progesterona', 'usar', 'tem', 'reposição', 'colo', 'precisa', 'via', 'mulher']",Reposição de progesterona sem útero,Uso de progesterona sem útero,Progesterona na ausência de útero,Quem não tem útero pode tomar progesterona?,"E quando a mulher não tem útero, como fica o uso de progesterona?",Quem não tem útero precisa usar progesterona?,Quem não tem útero precisa tomar progesterona?,Uma pessoa que não tem útero pode usar progesterona?,Uma bebê de 2 meses que regurgita muito pode usar Aptamil RR?,Os dois passaportes do bebê precisam ter o mesmo nome?,É normal que as perninhas do bebê fiquem muito abertas ao usar o canguru?,"Quando o bebê chega em casa, pode usar ventilador nele?",Quem faz tratamento da tireoide com Puran pode usar o indutor de ovulação Indux?,relevante,1,Reposição de progesterona sem útero,,irrelevante,,,,,,,,,
133,relevance,69,"['baleia', 'filhote', 'amamentação', 'baleias', 'água', '100', 'mar', 'amamentam', 'filhotes', 'quilos']",Amamentação e saúde materna,Cuidados na amamentação materna,Amamentação da mãe e do bebê,Por que não se deve beber nada durante a amamentação?,"Durante a amamentação, é necessário dar pequenas pausas para o bebê respirar?",É verdade que a baleia amamenta seu filhote?,Bebês conseguem mamar e respirar ao mesmo tempo nessa fase?,Como o filhote não engole água junto com o leite durante a amamentação?,"O teste de ovulação negativo feito no 11º dia de um ciclo de 27 dias, com dor no lado direito e ingestão de muitos chás e água, pode ser um falso negativo?",Qual deve ser a temperatura da água para preparar essa fórmula? A água precisa estar quente?,A fertilização in vitro funciona 100% das vezes?,"Se uma baleia pesa 1 tonelada e ganha 100 quilos por dia, ela chegaria a 100 toneladas na fase adulta?",Você está comendo muitos carboidratos nas refeições?,relevante,1,Amamentação e saúde materna,,irrelevante,,,,,,,,,
150,relevance,52,"['sintomas', 'sintoma', 'sentiu', 'quais', 'mesmos', 'relatou', 'os', 'sentindo', 'apresentar', 'nenhum']",Sintomas de gravidez e ausência,Sintomas na gravidez e falta,Relato de sintomas de gestação,Quais sintomas de gravidez você teve?,Quais sintomas de gravidez você sentiu?,Quais foram os sintomas no início da sua gravidez?,Quais sintomas você sentiu no início da gravidez?,Quais são os sintomas da gravidez no primeiro mês?,Você melhorou dos mesmos sintomas de dor na virilha e no reto após a cirurgia?,Quais fórmulas infantis são boas?,Quais eram os sintomas de refluxo da sua filha?,"O relato seria sobre o processo para engravidar, como ele se sentiu e a perspectiva dele?",Quais hospitais já oferecem essa pulseirinha nas maternidades?,irrelevante,,,,relevante,1,Sintomas de gravidez e ausência,,,,,,,
